,since,until,user
0,2021-01-22_11:21:37,2021-01-22_11:31:37,SlicedDharma
1,2021-01-22_11:21:37,2021-01-22_11:31:37,Rubysuwa
2,2021-01-22_11:21:37,2021-01-22_11:31:37,pome_Ruby
3,2021-01-22_11:21:37,2021-01-22_11:31:37,syncrewjp
4,2021-01-22_11:21:37,2021-01-22_11:31:37,atelierlaperle
5,2021-01-22_11:21:37,2021-01-22_11:31:37,RUBY_yukimura
6,2021-01-22_11:21:37,2021-01-22_11:31:37,saitoyasuyuki
7,2021-01-22_11:21:37,2021-01-22_11:31:37,Waka_Ruby_01
9,2021-01-22_11:21:37,2021-01-22_11:31:37,_ruby_kawaii_
10,2021-01-22_11:21:37,2021-01-22_11:31:37,Ruby_Asuna
11,2021-01-22_11:21:37,2021-01-22_11:31:37,ruby_bot
12,2021-01-22_11:21:37,2021-01-22_11:31:37,tiya_air_ruby
13,2021-01-22_11:21:37,2021-01-22_11:31:37,ruby_towa
14,2021-01-22_11:21:37,2021-01-22_11:31:37,apri_ruby
15,2021-01-22_11:21:37,2021-01-22_11:31:37,Illyasviel_Ruby
18,2021-01-22_11:21:37,2021-01-22_11:31:37,japan_lawson
19,2021-01-22_11:21:37,2021-01-22_11:31:37,Ruby_rhodonite8
20,2021-01-22_11:21:37,2021-01-22_11:31:37,kohaku_hisui013
21,2021-01-22_11:21:37,2021-01-22_11:31:37,shugomaeda
23,2021-01-22_11:21:37,2021-01-22_11:31:37,mugiwarano_ruby
26,2021-01-22_11:21:37,2021-01-22_11:31:37,hikally516
27,2021-01-22_11:21:37,2021-01-22_11:31:37,Denim_and_Ruby_
29,2021-01-22_11:21:37,2021-01-22_11:31:37,ruby_rails_bot
32,2021-01-22_11:21:37,2021-01-22_11:31:37,WuEycARa4Cd5Mkp
35,2021-01-22_11:21:37,2021-01-22_11:31:37,shiba_tako2003
36,2021-01-22_11:21:37,2021-01-22_11:31:37,ruby_Al2O3
37,2021-01-22_11:21:37,2021-01-22_11:31:37,RRA_luna_NieR33
38,2021-01-22_11:21:37,2021-01-22_11:31:37,kanabunbun7
39,2021-01-22_11:21:37,2021-01-22_11:31:37,Ruby_Mustache
40,2021-01-22_11:21:37,2021-01-22_11:31:37,Ruby_tetu
44,2021-01-22_11:21:37,2021-01-22_11:31:37,Ruby_Nea_
47,2021-01-22_11:21:37,2021-01-22_11:31:37,ruby_kuruwamori
48,2021-01-22_11:21:37,2021-01-22_11:31:37,comachisan_
49,2021-01-22_11:21:37,2021-01-22_11:31:37,eKlBrA4srsTr6FM
50,2021-01-22_11:11:37,2021-01-22_11:21:37,AsakaNeon
52,2021-01-22_11:11:37,2021-01-22_11:21:37,Yasshi_Ruby
53,2021-01-22_11:11:37,2021-01-22_11:21:37,Berserker_Ruby
55,2021-01-22_11:11:37,2021-01-22_11:21:37,pigeon_ruby
58,2021-01-22_11:11:37,2021-01-22_11:21:37,Kunugi_0415
59,2021-01-22_11:11:37,2021-01-22_11:21:37,subwayjp
60,2021-01-22_11:11:37,2021-01-22_11:21:37,liz_ruby_maron
65,2021-01-22_11:11:37,2021-01-22_11:21:37,Ruby_Bitti
66,2021-01-22_11:11:37,2021-01-22_11:21:37,Routekunchan
67,2021-01-22_11:11:37,2021-01-22_11:21:37,Boun_dary
68,2021-01-22_11:11:37,2021-01-22_11:21:37,n914568419
69,2021-01-22_11:11:37,2021-01-22_11:21:37,ruby_r_s
75,2021-01-22_11:11:37,2021-01-22_11:21:37,ruby_0921_candy
79,2021-01-22_11:11:37,2021-01-22_11:21:37,sobaotto
83,2021-01-22_11:11:37,2021-01-22_11:21:37,tounochuujyou18
87,2021-01-22_11:01:37,2021-01-22_11:11:37,yurilove_Ruby_k
88,2021-01-22_11:01:37,2021-01-22_11:11:37,Ruby_073
89,2021-01-22_11:01:37,2021-01-22_11:11:37,fera_ruby
91,2021-01-22_11:01:37,2021-01-22_11:11:37,akachantaro
92,2021-01-22_11:01:37,2021-01-22_11:11:37,tokusatu_ruby
93,2021-01-22_11:01:37,2021-01-22_11:11:37,ruby_seaside
95,2021-01-22_11:01:37,2021-01-22_11:11:37,ruby_cat__
102,2021-01-22_11:01:37,2021-01-22_11:11:37,Mareka_k
103,2021-01-22_11:01:37,2021-01-22_11:11:37,Ruby_KSN
105,2021-01-22_11:01:37,2021-01-22_11:11:37,Ruby_Clan_
106,2021-01-22_11:01:37,2021-01-22_11:11:37,chopin_ruby
109,2021-01-22_11:01:37,2021-01-22_11:11:37,eco_ruby_bot
111,2021-01-22_11:01:37,2021-01-22_11:11:37,N13_ruby
112,2021-01-22_11:01:37,2021-01-22_11:11:37,chocola_ruby
113,2021-01-22_11:01:37,2021-01-22_11:11:37,MarkEngineerMob
115,2021-01-22_11:01:37,2021-01-22_11:11:37,a_s_s_a_m_
117,2021-01-22_11:01:37,2021-01-22_11:11:37,RUBY_nekoge_380
121,2021-01-22_10:51:37,2021-01-22_11:01:37,srz_zumix
122,2021-01-22_10:51:37,2021-01-22_11:01:37,kouki__2525
123,2021-01-22_10:51:37,2021-01-22_11:01:37,saki_ruby
124,2021-01-22_10:51:37,2021-01-22_11:01:37,Ruby_the_yorkie
127,2021-01-22_10:51:37,2021-01-22_11:01:37,3xhQzEWZOsXNwyg
129,2021-01-22_10:51:37,2021-01-22_11:01:37,ruby_goupil7
130,2021-01-22_10:51:37,2021-01-22_11:01:37,zakuro_ruby
131,2021-01-22_10:51:37,2021-01-22_11:01:37,udz_2
133,2021-01-22_10:51:37,2021-01-22_11:01:37,cactusure
134,2021-01-22_10:51:37,2021-01-22_11:01:37,_ruby_cassis_
135,2021-01-22_10:51:37,2021-01-22_11:01:37,sasalove7
138,2021-01-22_10:51:37,2021-01-22_11:01:37,_____RUBY_____
139,2021-01-22_10:51:37,2021-01-22_11:01:37,aaasagi3
140,2021-01-22_10:51:37,2021-01-22_11:01:37,RUBY_STONE_RED
142,2021-01-22_10:51:37,2021-01-22_11:01:37,Ruby_dr_bot
143,2021-01-22_10:51:37,2021-01-22_11:01:37,Rubybot_
145,2021-01-22_10:51:37,2021-01-22_11:01:37,ruby_mi
146,2021-01-22_10:51:37,2021-01-22_11:01:37,Babylon_R
147,2021-01-22_10:51:37,2021-01-22_11:01:37,achansan
148,2021-01-22_10:51:37,2021-01-22_11:01:37,ruby_for_blacks
152,2021-01-22_10:41:37,2021-01-22_10:51:37,kachariko1
154,2021-01-22_10:41:37,2021-01-22_10:51:37,gold_ruby_bot
159,2021-01-22_10:41:37,2021-01-22_10:51:37,Ruby_Ammonite
160,2021-01-22_10:41:37,2021-01-22_10:51:37,Ruby_uniuni
161,2021-01-22_10:41:37,2021-01-22_10:51:37,yone_yone_ruby
164,2021-01-22_10:41:37,2021-01-22_10:51:37,Ruby_game77
166,2021-01-22_10:41:37,2021-01-22_10:51:37,AEON_JAPAN
167,2021-01-22_10:41:37,2021-01-22_10:51:37,gabu_ITengineer
169,2021-01-22_10:41:37,2021-01-22_10:51:37,vector8008
170,2021-01-22_10:31:37,2021-01-22_10:41:37,abee2
172,2021-01-22_10:31:37,2021-01-22_10:41:37,ruby_color0521
173,2021-01-22_10:31:37,2021-01-22_10:41:37,891_ch
175,2021-01-22_10:31:37,2021-01-22_10:41:37,ruby_hiyori
177,2021-01-22_10:31:37,2021-01-22_10:41:37,Ruby_and_RWBY
181,2021-01-22_10:31:37,2021-01-22_10:41:37,fukurou_jimoai
183,2021-01-22_10:31:37,2021-01-22_10:41:37,TrueTree_jp
184,2021-01-22_10:31:37,2021-01-22_10:41:37,mameko_6_9
189,2021-01-22_10:31:37,2021-01-22_10:41:37,yamadasandara
191,2021-01-22_10:31:37,2021-01-22_10:41:37,Elina_Miyamori
194,2021-01-22_10:31:37,2021-01-22_10:41:37,ruby_zyooubachi
196,2021-01-22_10:31:37,2021-01-22_10:41:37,ebiflyyyyyyyy
198,2021-01-22_10:31:37,2021-01-22_10:41:37,Ruby_NO09210812
199,2021-01-22_10:31:37,2021-01-22_10:41:37,nanamin_Ruby
200,2021-01-22_10:31:37,2021-01-22_10:41:37,Ruby_lang_tan
202,2021-01-22_10:31:37,2021-01-22_10:41:37,_liluca_
204,2021-01-22_10:21:37,2021-01-22_10:31:37,phantom_ruby
205,2021-01-22_10:21:37,2021-01-22_10:31:37,ruby_27_ambra
208,2021-01-22_10:21:37,2021-01-22_10:31:37,ruby_trpg__
209,2021-01-22_10:21:37,2021-01-22_10:31:37,Ruby_Gekioshi
210,2021-01-22_10:21:37,2021-01-22_10:31:37,05305129ad
212,2021-01-22_10:21:37,2021-01-22_10:31:37,N07R5
213,2021-01-22_10:21:37,2021-01-22_10:31:37,NATINATIsyou
214,2021-01-22_10:21:37,2021-01-22_10:31:37,ruby_lwl
217,2021-01-22_10:21:37,2021-01-22_10:31:37,Jumpee_T
220,2021-01-22_10:21:37,2021-01-22_10:31:37,Ruby_hrtya
222,2021-01-22_10:21:37,2021-01-22_10:31:37,goma_ruby
226,2021-01-22_10:11:37,2021-01-22_10:21:37,0317_ruby
228,2021-01-22_10:11:37,2021-01-22_10:21:37,drum0335cat
232,2021-01-22_10:11:37,2021-01-22_10:21:37,king_of_ruby
239,2021-01-22_10:11:37,2021-01-22_10:21:37,RUBY_honsai
242,2021-01-22_10:11:37,2021-01-22_10:21:37,dj_aya_taro
244,2021-01-22_10:11:37,2021-01-22_10:21:37,KR_CH_
245,2021-01-22_10:11:37,2021-01-22_10:21:37,Aoi04172
248,2021-01-22_10:11:37,2021-01-22_10:21:37,ruby_pf
264,2021-01-22_10:01:37,2021-01-22_10:11:37,Ruby_redcrab
265,2021-01-22_10:01:37,2021-01-22_10:11:37,0b9e66f96b06444
267,2021-01-22_10:01:37,2021-01-22_10:11:37,takadakouki
268,2021-01-22_10:01:37,2021-01-22_10:11:37,chocodaisakusen
270,2021-01-22_10:01:37,2021-01-22_10:11:37,fuuka_love2525
274,2021-01-22_10:01:37,2021-01-22_10:11:37,RUBY_O223
275,2021-01-22_10:01:37,2021-01-22_10:11:37,ruby_suna
279,2021-01-22_10:01:37,2021-01-22_10:11:37,teni_lovelive
284,2021-01-22_10:01:37,2021-01-22_10:11:37,_mocaloup
285,2021-01-22_10:01:37,2021-01-22_10:11:37,izumingyu04
291,2021-01-22_10:01:37,2021-01-22_10:11:37,WJ_JN
293,2021-01-22_10:01:37,2021-01-22_10:11:37,Ruby_a_GoGo
294,2021-01-22_10:01:37,2021-01-22_10:11:37,mst__Ruby
296,2021-01-22_10:01:37,2021-01-22_10:11:37,morinaga_milk_
307,2021-01-22_10:01:37,2021-01-22_10:11:37,Ruby_nrs_bot
314,2021-01-22_10:01:37,2021-01-22_10:11:37,ruby_hachan
318,2021-01-22_10:01:37,2021-01-22_10:11:37,Ruby_rmx9
320,2021-01-22_09:51:37,2021-01-22_10:01:37,Ruby_Ramune
321,2021-01-22_09:51:37,2021-01-22_10:01:37,Yumika27063685
324,2021-01-22_09:51:37,2021-01-22_10:01:37,Ruby_Bom
328,2021-01-22_09:51:37,2021-01-22_10:01:37,JR2G1H8H6APocWc
329,2021-01-22_09:51:37,2021-01-22_10:01:37,Alcoholic_ruby
332,2021-01-22_09:51:37,2021-01-22_10:01:37,S_V_T_Ruby
334,2021-01-22_09:51:37,2021-01-22_10:01:37,Noah_stn
335,2021-01-22_09:51:37,2021-01-22_10:01:37,kasesan2
336,2021-01-22_09:51:37,2021-01-22_10:01:37,ruby_you_kasumi
337,2021-01-22_09:51:37,2021-01-22_10:01:37,shibawork_com
342,2021-01-22_09:41:37,2021-01-22_09:51:37,RUBY_hanamaru26
344,2021-01-22_09:41:37,2021-01-22_09:51:37,Masao_Sasaki_ae
348,2021-01-22_09:41:37,2021-01-22_09:51:37,3939ns
350,2021-01-22_09:41:37,2021-01-22_09:51:37,Nanami_Ruby
352,2021-01-22_09:41:37,2021-01-22_09:51:37,ytrombik
353,2021-01-22_09:41:37,2021-01-22_09:51:37,centrevillage
356,2021-01-22_09:41:37,2021-01-22_09:51:37,mikan_uiro
365,2021-01-22_09:31:37,2021-01-22_09:41:37,tomirss
369,2021-01-22_09:31:37,2021-01-22_09:41:37,goiryoku_ruby
371,2021-01-22_09:31:37,2021-01-22_09:41:37,67stilllla_ruby
374,2021-01-22_09:31:37,2021-01-22_09:41:37,Wait60mins
375,2021-01-22_09:31:37,2021-01-22_09:41:37,cocu_tan
376,2021-01-22_09:31:37,2021-01-22_09:41:37,Ruby__25
380,2021-01-22_09:31:37,2021-01-22_09:41:37,machu_machu
382,2021-01-22_09:31:37,2021-01-22_09:41:37,kichi_seicho
385,2021-01-22_09:31:37,2021-01-22_09:41:37,ruby_saiyou
388,2021-01-22_09:31:37,2021-01-22_09:41:37,hossy1_YT
391,2021-01-22_09:31:37,2021-01-22_09:41:37,labocho
392,2021-01-22_09:31:37,2021-01-22_09:41:37,n23_hero
400,2021-01-22_09:31:37,2021-01-22_09:41:37,__lo_fri_to
406,2021-01-22_09:31:37,2021-01-22_09:41:37,0812_mochi
411,2021-01-22_09:21:37,2021-01-22_09:31:37,wakana_0814
413,2021-01-22_09:21:37,2021-01-22_09:31:37,shinworks1
415,2021-01-22_09:21:37,2021-01-22_09:31:37,homuback_k
416,2021-01-22_09:21:37,2021-01-22_09:31:37,yomogiminiature
421,2021-01-22_09:21:37,2021-01-22_09:31:37,seltzer
422,2021-01-22_09:21:37,2021-01-22_09:31:37,RubygemsN
424,2021-01-22_09:21:37,2021-01-22_09:31:37,Ruby_shippo
426,2021-01-22_09:21:37,2021-01-22_09:31:37,coco_ruby
427,2021-01-22_09:21:37,2021-01-22_09:31:37,ruby_LF_LA
429,2021-01-22_09:21:37,2021-01-22_09:31:37,wtnabe
430,2021-01-22_09:21:37,2021-01-22_09:31:37,Ryuko_Aqours
432,2021-01-22_09:21:37,2021-01-22_09:31:37,ruby_dayo
434,2021-01-22_09:11:37,2021-01-22_09:21:37,ruby_honda
443,2021-01-22_09:11:37,2021-01-22_09:21:37,ShujiYamagami
444,2021-01-22_09:11:37,2021-01-22_09:21:37,abyssrium
445,2021-01-22_09:11:37,2021-01-22_09:21:37,Ruby_xzx
446,2021-01-22_09:11:37,2021-01-22_09:21:37,CitrusHanaju
447,2021-01-22_09:11:37,2021-01-22_09:21:37,Ruby__chan
456,2021-01-22_09:11:37,2021-01-22_09:21:37,takachika_ruby
461,2021-01-22_09:01:37,2021-01-22_09:11:37,ruby_pigi
463,2021-01-22_09:01:37,2021-01-22_09:11:37,XParty1121bot
466,2021-01-22_09:01:37,2021-01-22_09:11:37,yuuworknetwork6
469,2021-01-22_09:01:37,2021-01-22_09:11:37,ruby_SIF
472,2021-01-22_09:01:37,2021-01-22_09:11:37,Ruby_nakigoe
474,2021-01-22_09:01:37,2021-01-22_09:11:37,n3mu14
476,2021-01-22_09:01:37,2021-01-22_09:11:37,RoRManiaJP
478,2021-01-22_09:01:37,2021-01-22_09:11:37,nayaseyana
479,2021-01-22_09:01:37,2021-01-22_09:11:37,1005_ruby
483,2021-01-22_08:51:37,2021-01-22_09:01:37,twukush1
484,2021-01-22_08:51:37,2021-01-22_09:01:37,biwa_ruby
488,2021-01-22_08:51:37,2021-01-22_09:01:37,sapphire_bot
493,2021-01-22_08:51:37,2021-01-22_09:01:37,tatsu_hakutaka
495,2021-01-22_08:51:37,2021-01-22_09:01:37,beans_latte14
498,2021-01-22_08:51:37,2021-01-22_09:01:37,Hndsp_Kitaoka
504,2021-01-22_08:51:37,2021-01-22_09:01:37,S0oK1Utlg0u6WhF
506,2021-01-22_08:51:37,2021-01-22_09:01:37,wotayou_qeen
507,2021-01-22_08:51:37,2021-01-22_09:01:37,Inkya_Ruby
513,2021-01-22_08:51:37,2021-01-22_09:01:37,inu_beru
515,2021-01-22_08:51:37,2021-01-22_09:01:37,canadoh
516,2021-01-22_08:51:37,2021-01-22_09:01:37,yukiyadaytry
518,2021-01-22_08:41:37,2021-01-22_08:51:37,ruby_lilith
519,2021-01-22_08:41:37,2021-01-22_08:51:37,chrickye9
521,2021-01-22_08:41:37,2021-01-22_08:51:37,fumi_12_ruby
523,2021-01-22_08:41:37,2021-01-22_08:51:37,Ruby_S_Arms
527,2021-01-22_08:41:37,2021-01-22_08:51:37,penguin_ruby
529,2021-01-22_08:41:37,2021-01-22_08:51:37,marssyyatas43
531,2021-01-22_08:41:37,2021-01-22_08:51:37,nanana_ruby
532,2021-01-22_08:41:37,2021-01-22_08:51:37,ruby_snow_
533,2021-01-22_08:41:37,2021-01-22_08:51:37,Liatris_love
534,2021-01-22_08:41:37,2021-01-22_08:51:37,ruby_antoinette
536,2021-01-22_08:41:37,2021-01-22_08:51:37,kk14210anime
537,2021-01-22_08:41:37,2021-01-22_08:51:37,sotakyu_Aqours
540,2021-01-22_08:41:37,2021-01-22_08:51:37,soppesama
544,2021-01-22_08:31:37,2021-01-22_08:41:37,mari_ho8
548,2021-01-22_08:31:37,2021-01-22_08:41:37,Sakurauti_love
554,2021-01-22_08:31:37,2021-01-22_08:41:37,_Ruby_jp
556,2021-01-22_08:31:37,2021-01-22_08:41:37,Ruby__77
560,2021-01-22_08:31:37,2021-01-22_08:41:37,Ruby_IA_hagi
561,2021-01-22_08:31:37,2021-01-22_08:41:37,_pa9chi_
562,2021-01-22_08:31:37,2021-01-22_08:41:37,e_penguin_ruby
563,2021-01-22_08:31:37,2021-01-22_08:41:37,Ruby_Kurosawa7
570,2021-01-22_08:31:37,2021-01-22_08:41:37,alison_ruby
572,2021-01-22_08:31:37,2021-01-22_08:41:37,F13723_R18625
574,2021-01-22_08:21:37,2021-01-22_08:31:37,SORA_AF
575,2021-01-22_08:21:37,2021-01-22_08:31:37,Ruby_K_nmz055
576,2021-01-22_08:21:37,2021-01-22_08:31:37,Ruby_Fox03
579,2021-01-22_08:21:37,2021-01-22_08:31:37,__osorakikuushi
582,2021-01-22_08:21:37,2021-01-22_08:31:37,ruby_1O16
583,2021-01-22_08:21:37,2021-01-22_08:31:37,uta_san_cosme
585,2021-01-22_08:21:37,2021-01-22_08:31:37,gramisensei
587,2021-01-22_08:21:37,2021-01-22_08:31:37,yuugure_a_ruby
591,2021-01-22_08:21:37,2021-01-22_08:31:37,SVT0928
600,2021-01-22_08:21:37,2021-01-22_08:31:37,raikou1031
603,2021-01-22_08:21:37,2021-01-22_08:31:37,25_Ruby_9630
606,2021-01-22_08:21:37,2021-01-22_08:31:37,2xijok
608,2021-01-22_08:21:37,2021-01-22_08:31:37,_ruby_00_
609,2021-01-22_08:21:37,2021-01-22_08:31:37,asuka_ruby
610,2021-01-22_08:21:37,2021-01-22_08:31:37,HINA94710698
612,2021-01-22_08:21:37,2021-01-22_08:31:37,hiroshilink
613,2021-01-22_08:21:37,2021-01-22_08:31:37,Nyan_kouya
619,2021-01-22_08:21:37,2021-01-22_08:31:37,msm_ruby
620,2021-01-22_08:21:37,2021-01-22_08:31:37,tikakiti_mikan2
621,2021-01-22_08:21:37,2021-01-22_08:31:37,yaki1108_aya
624,2021-01-22_08:11:37,2021-01-22_08:21:37,kotoleaf777
627,2021-01-22_08:11:37,2021-01-22_08:21:37,arisu_ruby
629,2021-01-22_08:11:37,2021-01-22_08:21:37,narusasu_gamer
632,2021-01-22_08:11:37,2021-01-22_08:21:37,8lLwTFyyGLJPZKU
633,2021-01-22_08:11:37,2021-01-22_08:21:37,shichaku_bn
636,2021-01-22_08:11:37,2021-01-22_08:21:37,Yukyan_liand173
638,2021-01-22_08:11:37,2021-01-22_08:21:37,nemukun_12
642,2021-01-22_08:11:37,2021-01-22_08:21:37,tennis09yumi23
643,2021-01-22_08:11:37,2021-01-22_08:21:37,amaama_yksthgin
652,2021-01-22_08:11:37,2021-01-22_08:21:37,Rache1_1
657,2021-01-22_08:11:37,2021-01-22_08:21:37,KAmemiya6
661,2021-01-22_08:11:37,2021-01-22_08:21:37,animeomiya183
668,2021-01-22_08:11:37,2021-01-22_08:21:37,neko_programer
676,2021-01-22_08:11:37,2021-01-22_08:21:37,614Sonoka
679,2021-01-22_08:11:37,2021-01-22_08:21:37,yozakurarin24
681,2021-01-22_08:11:37,2021-01-22_08:21:37,DDBep_0616
682,2021-01-22_08:01:37,2021-01-22_08:11:37,kumakunsansan
686,2021-01-22_08:01:37,2021-01-22_08:11:37,higaki_program
690,2021-01-22_08:01:37,2021-01-22_08:11:37,pesap_8
691,2021-01-22_08:01:37,2021-01-22_08:11:37,rWsvAumy9BU0BNu
695,2021-01-22_08:01:37,2021-01-22_08:11:37,felt_miyokko
701,2021-01-22_08:01:37,2021-01-22_08:11:37,broristmashu
704,2021-01-22_08:01:37,2021-01-22_08:11:37,P7tGZqbjC83g6rR
707,2021-01-22_08:01:37,2021-01-22_08:11:37,nakayama0718
709,2021-01-22_08:01:37,2021-01-22_08:11:37,yuichisatoeco
717,2021-01-22_08:01:37,2021-01-22_08:11:37,mugi22_0727
720,2021-01-22_08:01:37,2021-01-22_08:11:37,hiwbell
722,2021-01-22_08:01:37,2021-01-22_08:11:37,_Ruby_Chuang_
724,2021-01-22_08:01:37,2021-01-22_08:11:37,twi_trackiss
726,2021-01-22_07:51:37,2021-01-22_08:01:37,matz_meigen_bot
727,2021-01-22_07:51:37,2021-01-22_08:01:37,Strawberry__yuu
730,2021-01-22_07:51:37,2021-01-22_08:01:37,nunnun_yumeyume
733,2021-01-22_07:51:37,2021-01-22_08:01:37,Emgy_tocchi0418
737,2021-01-22_07:51:37,2021-01-22_08:01:37,syk_oo0
738,2021-01-22_07:51:37,2021-01-22_08:01:37,Ringopan_Ruby
739,2021-01-22_07:51:37,2021-01-22_08:01:37,CkmWgqkaGcVKaq0
742,2021-01-22_07:51:37,2021-01-22_08:01:37,sEc7d
743,2021-01-22_07:51:37,2021-01-22_08:01:37,Ruby_kouyazoku
744,2021-01-22_07:51:37,2021-01-22_08:01:37,t5XlupICs8WxZ2B
748,2021-01-22_07:51:37,2021-01-22_08:01:37,AkiraKikuchi
751,2021-01-22_07:51:37,2021-01-22_08:01:37,mihooo_24
752,2021-01-22_07:51:37,2021-01-22_08:01:37,VEEMosi_kyuri
756,2021-01-22_07:51:37,2021-01-22_08:01:37,RUBY_0921eijin
759,2021-01-22_07:51:37,2021-01-22_08:01:37,Knt_01_jhs
768,2021-01-22_07:51:37,2021-01-22_08:01:37,Ruby_iki
769,2021-01-22_07:51:37,2021-01-22_08:01:37,sarasaebi
771,2021-01-22_07:51:37,2021-01-22_08:01:37,ZomwY6DhSdR6B92
772,2021-01-22_07:41:37,2021-01-22_07:51:37,shoichi_moris
773,2021-01-22_07:41:37,2021-01-22_07:51:37,ruby_ff
774,2021-01-22_07:41:37,2021-01-22_07:51:37,tukinonichijou
776,2021-01-22_07:41:37,2021-01-22_07:51:37,tinpan61p
777,2021-01-22_07:41:37,2021-01-22_07:51:37,1uI832KumMVkXu7
779,2021-01-22_07:41:37,2021-01-22_07:51:37,5o05tIDkSJ0WIhr
781,2021-01-22_07:41:37,2021-01-22_07:51:37,Ruby_korira
785,2021-01-22_07:41:37,2021-01-22_07:51:37,tooofu_0401
787,2021-01-22_07:41:37,2021-01-22_07:51:37,0808_lololol
788,2021-01-22_07:41:37,2021-01-22_07:51:37,ruby_0921_0830
791,2021-01-22_07:41:37,2021-01-22_07:51:37,musicforever118
792,2021-01-22_07:41:37,2021-01-22_07:51:37,Yuuuuudon
794,2021-01-22_07:41:37,2021-01-22_07:51:37,bakabondhaihun
795,2021-01-22_07:41:37,2021-01-22_07:51:37,AKMC_0870
797,2021-01-22_07:41:37,2021-01-22_07:51:37,ruby_lovesweets
798,2021-01-22_07:41:37,2021-01-22_07:51:37,momo__59_
799,2021-01-22_07:41:37,2021-01-22_07:51:37,Sraring1176
805,2021-01-22_07:41:37,2021-01-22_07:51:37,t_denisov_1226
806,2021-01-22_07:41:37,2021-01-22_07:51:37,KananmatsuuraGT
815,2021-01-22_07:41:37,2021-01-22_07:51:37,NidakazLove
817,2021-01-22_07:31:37,2021-01-22_07:41:37,945753
820,2021-01-22_07:31:37,2021-01-22_07:41:37,takarabbit_756
828,2021-01-22_07:31:37,2021-01-22_07:41:37,roedrea
839,2021-01-22_07:31:37,2021-01-22_07:41:37,famima_reply
843,2021-01-22_07:31:37,2021-01-22_07:41:37,tunemage
845,2021-01-22_07:31:37,2021-01-22_07:41:37,Ruby_Joji
849,2021-01-22_07:31:37,2021-01-22_07:41:37,kko22e
852,2021-01-22_07:31:37,2021-01-22_07:41:37,HMHN_gere0421
854,2021-01-22_07:31:37,2021-01-22_07:41:37,fukushima36
856,2021-01-22_07:31:37,2021-01-22_07:41:37,NoRa__cm
862,2021-01-22_07:31:37,2021-01-22_07:41:37,nizigg33
864,2021-01-22_07:31:37,2021-01-22_07:41:37,ra_ri_Ruby
870,2021-01-22_07:31:37,2021-01-22_07:41:37,Soul_Of_Languag
872,2021-01-22_07:31:37,2021-01-22_07:41:37,smileheadhunter
874,2021-01-22_07:31:37,2021-01-22_07:41:37,kandasorata0426
877,2021-01-22_07:31:37,2021-01-22_07:41:37,GuilTy_Ruby
879,2021-01-22_07:21:37,2021-01-22_07:31:37,TOKITOTOMONI
881,2021-01-22_07:21:37,2021-01-22_07:31:37,gensan64311466
882,2021-01-22_07:21:37,2021-01-22_07:31:37,rihe82341
883,2021-01-22_07:21:37,2021-01-22_07:31:37,coco_oku
884,2021-01-22_07:21:37,2021-01-22_07:31:37,elmo_elmo888
891,2021-01-22_07:21:37,2021-01-22_07:31:37,kapibara930
905,2021-01-22_07:21:37,2021-01-22_07:31:37,Uo_oU_ruby
910,2021-01-22_07:21:37,2021-01-22_07:31:37,bVHEtGUAdrfq11x
911,2021-01-22_07:11:37,2021-01-22_07:21:37,ruby_doll_
912,2021-01-22_07:11:37,2021-01-22_07:21:37,RuBy_FNjp
913,2021-01-22_07:11:37,2021-01-22_07:21:37,ruby_uyupigy
921,2021-01-22_07:11:37,2021-01-22_07:21:37,Mathilde_Main
922,2021-01-22_07:11:37,2021-01-22_07:21:37,zacky1972
923,2021-01-22_07:11:37,2021-01-22_07:21:37,ksm24466518
924,2021-01-22_07:11:37,2021-01-22_07:21:37,ruby_kuku
926,2021-01-22_07:11:37,2021-01-22_07:21:37,Sora9568
927,2021-01-22_07:11:37,2021-01-22_07:21:37,110501hwr
932,2021-01-22_07:11:37,2021-01-22_07:21:37,chocolat_tiara_
941,2021-01-22_07:01:37,2021-01-22_07:11:37,Lkenshut
944,2021-01-22_07:01:37,2021-01-22_07:11:37,parakeetlife48
946,2021-01-22_07:01:37,2021-01-22_07:11:37,harapekokuma_c
951,2021-01-22_07:01:37,2021-01-22_07:11:37,takaogoto_31
953,2021-01-22_07:01:37,2021-01-22_07:11:37,oekakukomi
962,2021-01-22_07:01:37,2021-01-22_07:11:37,bg_ror
966,2021-01-22_07:01:37,2021-01-22_07:11:37,horoyoi_suntory
967,2021-01-22_07:01:37,2021-01-22_07:11:37,Flair_of_Ruby
974,2021-01-22_07:01:37,2021-01-22_07:11:37,ruby_study_bot
975,2021-01-22_07:01:37,2021-01-22_07:11:37,PANNMIMI_RUBY
978,2021-01-22_06:51:37,2021-01-22_07:01:37,kuruto_2135
981,2021-01-22_06:51:37,2021-01-22_07:01:37,RubyNewQiita
982,2021-01-22_06:51:37,2021-01-22_07:01:37,8181kaeru
984,2021-01-22_06:51:37,2021-01-22_07:01:37,LKKVrYcPHrM0gPb
990,2021-01-22_06:51:37,2021-01-22_07:01:37,pommaru1101
992,2021-01-22_06:51:37,2021-01-22_07:01:37,rariusa_you
993,2021-01-22_06:51:37,2021-01-22_07:01:37,voxes24
994,2021-01-22_06:51:37,2021-01-22_07:01:37,Reotms_liver_KM
995,2021-01-22_06:41:37,2021-01-22_06:51:37,maishimablack
997,2021-01-22_06:41:37,2021-01-22_06:51:37,ruby_jun
998,2021-01-22_06:41:37,2021-01-22_06:51:37,sorane_ansuta
1001,2021-01-22_06:41:37,2021-01-22_06:51:37,MANGA_RUBY
1002,2021-01-22_06:41:37,2021-01-22_06:51:37,R6WqZskR9tLQmBo
1003,2021-01-22_06:41:37,2021-01-22_06:51:37,Colt58706
1005,2021-01-22_06:41:37,2021-01-22_06:51:37,MHS24733375
1008,2021-01-22_06:41:37,2021-01-22_06:51:37,Juramaru_chan
1015,2021-01-22_06:41:37,2021-01-22_06:51:37,Ruby_GaiaPlate
1017,2021-01-22_06:41:37,2021-01-22_06:51:37,blackgand_246
1021,2021-01-22_06:31:37,2021-01-22_06:41:37,Shumari2019
1026,2021-01-22_06:31:37,2021-01-22_06:41:37,hiro18578630
1032,2021-01-22_06:31:37,2021-01-22_06:41:37,hiyori_youtuber
1033,2021-01-22_06:31:37,2021-01-22_06:41:37,redrabbit1104
1034,2021-01-22_06:31:37,2021-01-22_06:41:37,monya_poteto
1035,2021-01-22_06:31:37,2021-01-22_06:41:37,Pun_33
1037,2021-01-22_06:31:37,2021-01-22_06:41:37,tora464939
1039,2021-01-22_06:21:37,2021-01-22_06:31:37,__tsunadesu
1041,2021-01-22_06:21:37,2021-01-22_06:31:37,ruby_765679
1046,2021-01-22_06:21:37,2021-01-22_06:31:37,CMBottle
1047,2021-01-22_06:21:37,2021-01-22_06:31:37,69pocomi
1049,2021-01-22_06:21:37,2021-01-22_06:31:37,_PeuPeu_
1052,2021-01-22_06:21:37,2021-01-22_06:31:37,riku1411
1056,2021-01-22_06:11:37,2021-01-22_06:21:37,sakusakunasaku
1058,2021-01-22_06:11:37,2021-01-22_06:21:37,RUBYmajitenshi
1062,2021-01-22_06:11:37,2021-01-22_06:21:37,LALALA_eng_Lupe
1065,2021-01-22_06:11:37,2021-01-22_06:21:37,kojikoji58
1066,2021-01-22_06:01:37,2021-01-22_06:11:37,Ruby_HardHunter
1071,2021-01-22_06:01:37,2021-01-22_06:11:37,DNjuFqdkQIOCty8
1073,2021-01-22_06:01:37,2021-01-22_06:11:37,momo_hdyy
1075,2021-01-22_06:01:37,2021-01-22_06:11:37,mune_movie
1086,2021-01-22_06:01:37,2021-01-22_06:11:37,stuysyk111027
1088,2021-01-22_06:01:37,2021-01-22_06:11:37,pinkstardxst
1091,2021-01-22_05:51:37,2021-01-22_06:01:37,RUBY_03300921
1095,2021-01-22_05:51:37,2021-01-22_06:01:37,d_b_d_d
1098,2021-01-22_05:51:37,2021-01-22_06:01:37,yuuna_ruby
1105,2021-01-22_05:41:37,2021-01-22_05:51:37,Na_____0410
1110,2021-01-22_05:41:37,2021-01-22_05:51:37,miiii_1203
1116,2021-01-22_05:41:37,2021-01-22_05:51:37,Ruby_07_08
1117,2021-01-22_05:41:37,2021-01-22_05:51:37,clockl0219
1120,2021-01-22_05:41:37,2021-01-22_05:51:37,KIMMINYOUNG4503
1123,2021-01-22_05:41:37,2021-01-22_05:51:37,osamusand
1126,2021-01-22_05:31:37,2021-01-22_05:41:37,toraneko2018
1128,2021-01-22_05:31:37,2021-01-22_05:41:37,ayaka25259
1133,2021-01-22_05:21:37,2021-01-22_05:31:37,mouiyadaa
1135,2021-01-22_05:21:37,2021-01-22_05:31:37,Ruby_020710
1138,2021-01-22_05:11:37,2021-01-22_05:21:37,a_ranking_news
1139,2021-01-22_05:11:37,2021-01-22_05:21:37,rokakute
1143,2021-01-22_05:11:37,2021-01-22_05:21:37,The_Matt_Ruby
1144,2021-01-22_05:01:37,2021-01-22_05:11:37,rinn_miya
1154,2021-01-22_04:51:37,2021-01-22_05:01:37,Ruby_Storm_
1155,2021-01-22_04:51:37,2021-01-22_05:01:37,samejima_gahaku
1157,2021-01-22_04:51:37,2021-01-22_05:01:37,bot9410
1159,2021-01-22_04:51:37,2021-01-22_05:01:37,disasterphon
1161,2021-01-22_04:51:37,2021-01-22_05:01:37,keytogo9
1162,2021-01-22_04:51:37,2021-01-22_05:01:37,1FSERyIKJiT486x
1165,2021-01-22_04:51:37,2021-01-22_05:01:37,lustreleaseit
1168,2021-01-22_04:41:37,2021-01-22_04:51:37,Prog_JOB
1169,2021-01-22_04:41:37,2021-01-22_04:51:37,lucky_happy_c
1170,2021-01-22_04:41:37,2021-01-22_04:51:37,peachcake__ruby
1172,2021-01-22_04:41:37,2021-01-22_04:51:37,Feito_Ruby
1173,2021-01-22_04:41:37,2021-01-22_04:51:37,kerriibearii
1178,2021-01-22_04:31:37,2021-01-22_04:41:37,gan_men3
1179,2021-01-22_04:31:37,2021-01-22_04:41:37,Ruby_Reborns
1180,2021-01-22_04:31:37,2021-01-22_04:41:37,lalalagi_kyulte
1182,2021-01-22_04:31:37,2021-01-22_04:41:37,maromaro_co
1183,2021-01-22_04:31:37,2021-01-22_04:41:37,kittycaferuby
1184,2021-01-22_04:21:37,2021-01-22_04:31:37,CodeGnuts
1185,2021-01-22_04:21:37,2021-01-22_04:31:37,morolswediu
1186,2021-01-22_04:21:37,2021-01-22_04:31:37,CoderRetweet
1190,2021-01-22_04:11:37,2021-01-22_04:21:37,kanta_traveler
1192,2021-01-22_04:11:37,2021-01-22_04:21:37,yasusi__
1193,2021-01-22_04:11:37,2021-01-22_04:21:37,rude_rockers
1196,2021-01-22_04:11:37,2021-01-22_04:21:37,PG_sister_bot
1197,2021-01-22_04:11:37,2021-01-22_04:21:37,ProjectFinal
1198,2021-01-22_04:11:37,2021-01-22_04:21:37,Mox_Ruby
1199,2021-01-22_04:01:37,2021-01-22_04:11:37,Tokyoghol1475
1200,2021-01-22_04:01:37,2021-01-22_04:11:37,dantyo8842
1203,2021-01-22_04:01:37,2021-01-22_04:11:37,Kirutaya
1204,2021-01-22_04:01:37,2021-01-22_04:11:37,ruby_anzu_765
1209,2021-01-22_03:51:37,2021-01-22_04:01:37,rat_ruby
1213,2021-01-22_03:51:37,2021-01-22_04:01:37,hati_ruby
1220,2021-01-22_03:41:37,2021-01-22_03:51:37,plasticmiku
1221,2021-01-22_03:41:37,2021-01-22_03:51:37,ruby_nya
1222,2021-01-22_03:41:37,2021-01-22_03:51:37,httpskurosu
1223,2021-01-22_03:41:37,2021-01-22_03:51:37,hakanaiibaby
1224,2021-01-22_03:41:37,2021-01-22_03:51:37,kurzlebig_hsbot
1225,2021-01-22_03:41:37,2021-01-22_03:51:37,TrashBlossom
1226,2021-01-22_03:41:37,2021-01-22_03:51:37,AKlSHINJI
1227,2021-01-22_03:41:37,2021-01-22_03:51:37,kadohiko
1228,2021-01-22_03:41:37,2021-01-22_03:51:37,llsif_card
1233,2021-01-22_03:31:37,2021-01-22_03:41:37,yu_yu_yukichan
1237,2021-01-22_03:21:37,2021-01-22_03:31:37,lovelive_CYHEN
1238,2021-01-22_03:21:37,2021-01-22_03:31:37,Avi__1006
1242,2021-01-22_03:21:37,2021-01-22_03:31:37,2020Kanji
1243,2021-01-22_03:11:37,2021-01-22_03:21:37,Ruby_tk
1244,2021-01-22_03:11:37,2021-01-22_03:21:37,LeetcodeB
1245,2021-01-22_03:11:37,2021-01-22_03:21:37,RobotProud
1246,2021-01-22_03:11:37,2021-01-22_03:21:37,100xcode
1247,2021-01-22_03:11:37,2021-01-22_03:21:37,naoki10846239
1250,2021-01-22_03:11:37,2021-01-22_03:21:37,Pika777Aka__
1256,2021-01-22_03:01:37,2021-01-22_03:11:37,HiRoMi_M39C88
1258,2021-01-22_02:51:37,2021-01-22_03:01:37,KevMomentum
1263,2021-01-22_02:51:37,2021-01-22_03:01:37,emeraldgreen81
1265,2021-01-22_02:41:37,2021-01-22_02:51:37,emeraldgreen88
1272,2021-01-22_02:31:37,2021-01-22_02:41:37,ryota_s_0810
1273,2021-01-22_02:31:37,2021-01-22_02:41:37,wkwksn4
1275,2021-01-22_02:31:37,2021-01-22_02:41:37,RWBYbot_JP
1276,2021-01-22_02:31:37,2021-01-22_02:41:37,Ruby_2525_
1277,2021-01-22_02:31:37,2021-01-22_02:41:37,nonochi_i
1281,2021-01-22_02:31:37,2021-01-22_02:41:37,rd__ruby
1282,2021-01-22_02:31:37,2021-01-22_02:41:37,ruby_xxx_pearl
1285,2021-01-22_02:21:37,2021-01-22_02:31:37,xRuby1_
1287,2021-01-22_02:21:37,2021-01-22_02:31:37,ruby_love69
1288,2021-01-22_02:21:37,2021-01-22_02:31:37,getintrap
1290,2021-01-22_02:11:37,2021-01-22_02:21:37,ashi_no_hentai
1291,2021-01-22_02:11:37,2021-01-22_02:21:37,Ruby_Dragonoid
1292,2021-01-22_02:11:37,2021-01-22_02:21:37,twicas1111
1296,2021-01-22_02:11:37,2021-01-22_02:21:37,ExElle_lydia
1297,2021-01-22_02:11:37,2021-01-22_02:21:37,tky_7201
1299,2021-01-22_02:11:37,2021-01-22_02:21:37,tomoODK
1300,2021-01-22_02:11:37,2021-01-22_02:21:37,__ruby_7
1302,2021-01-22_02:01:37,2021-01-22_02:11:37,Se7e7e
1303,2021-01-22_02:01:37,2021-01-22_02:11:37,_Ruby_king
1304,2021-01-22_02:01:37,2021-01-22_02:11:37,ruby_splatoon
1306,2021-01-22_02:01:37,2021-01-22_02:11:37,xx_mi_nya_xx
1309,2021-01-22_02:01:37,2021-01-22_02:11:37,Hitode_Ruby
1311,2021-01-22_02:01:37,2021-01-22_02:11:37,__snow_rabbit__
1315,2021-01-22_01:51:37,2021-01-22_02:01:37,nachch19
1321,2021-01-22_01:51:37,2021-01-22_02:01:37,Alina45649772
1325,2021-01-22_01:51:37,2021-01-22_02:01:37,universato
1327,2021-01-22_01:51:37,2021-01-22_02:01:37,ruby_in_heaven
1328,2021-01-22_01:41:37,2021-01-22_01:51:37,dekaihiroshi
1329,2021-01-22_01:41:37,2021-01-22_01:51:37,ruby_eye1103
1332,2021-01-22_01:41:37,2021-01-22_01:51:37,tanakahisateru
1333,2021-01-22_01:41:37,2021-01-22_01:51:37,ruby_mortensen
1336,2021-01-22_01:41:37,2021-01-22_01:51:37,rurarai26
1337,2021-01-22_01:41:37,2021-01-22_01:51:37,MyjQy5
1338,2021-01-22_01:41:37,2021-01-22_01:51:37,OIKAZE_RYON
1339,2021-01-22_01:41:37,2021-01-22_01:51:37,marimo79521929
1340,2021-01-22_01:41:37,2021-01-22_01:51:37,a_jo__ba
1341,2021-01-22_01:41:37,2021-01-22_01:51:37,ruby_su1x
1342,2021-01-22_01:41:37,2021-01-22_01:51:37,magrofly
1346,2021-01-22_01:41:37,2021-01-22_01:51:37,mikitsuki83
1347,2021-01-22_01:41:37,2021-01-22_01:51:37,Chino_ruby
1348,2021-01-22_01:41:37,2021-01-22_01:51:37,sarara_v
1352,2021-01-22_01:41:37,2021-01-22_01:51:37,osagasikun3
1356,2021-01-22_01:31:37,2021-01-22_01:41:37,Harusame_RUBY
1359,2021-01-22_01:31:37,2021-01-22_01:41:37,Kirin_Brewery
1360,2021-01-22_01:31:37,2021-01-22_01:41:37,chizu_ruby
1362,2021-01-22_01:31:37,2021-01-22_01:41:37,ai_ruby_rin
1364,2021-01-22_01:31:37,2021-01-22_01:41:37,slost_haraguro
1369,2021-01-22_01:31:37,2021-01-22_01:41:37,anaqe3
1370,2021-01-22_01:31:37,2021-01-22_01:41:37,okd_y
1372,2021-01-22_01:31:37,2021-01-22_01:41:37,KOTORI_09_RUBY_
1374,2021-01-22_01:21:37,2021-01-22_01:31:37,Sarugumi_Ruby
1375,2021-01-22_01:21:37,2021-01-22_01:31:37,ruby_ai_
1379,2021-01-22_01:21:37,2021-01-22_01:31:37,toa_kagono
1386,2021-01-22_01:21:37,2021-01-22_01:31:37,TheDeveloperBot
1388,2021-01-22_01:21:37,2021-01-22_01:31:37,onoda_kenta
1389,2021-01-22_01:21:37,2021-01-22_01:31:37,ruby_lv0
1390,2021-01-22_01:21:37,2021-01-22_01:31:37,Shin_freedomluv
1396,2021-01-22_01:21:37,2021-01-22_01:31:37,RUBY_crisis
1397,2021-01-22_01:21:37,2021-01-22_01:31:37,katsumR_
1403,2021-01-22_01:21:37,2021-01-22_01:31:37,ZUHjWtKzQN91wjm
1405,2021-01-22_01:21:37,2021-01-22_01:31:37,RUBY_CAPTAIN620
1408,2021-01-22_01:21:37,2021-01-22_01:31:37,ruby_0701
1410,2021-01-22_01:21:37,2021-01-22_01:31:37,bot_sb_murasame
1411,2021-01-22_01:21:37,2021-01-22_01:31:37,bot_a_nanami
1413,2021-01-22_01:21:37,2021-01-22_01:31:37,tuikai_ruby
1421,2021-01-22_01:21:37,2021-01-22_01:31:37,ex16night398
1423,2021-01-22_01:21:37,2021-01-22_01:31:37,force_of_will_
1425,2021-01-22_01:21:37,2021-01-22_01:31:37,TC81T1025
1427,2021-01-22_01:21:37,2021-01-22_01:31:37,TKCS_Sabuito
1436,2021-01-22_01:11:37,2021-01-22_01:21:37,HomemadeTaste
1440,2021-01-22_01:11:37,2021-01-22_01:21:37,slimeswordX
1442,2021-01-22_01:11:37,2021-01-22_01:21:37,koko777sss
1443,2021-01-22_01:11:37,2021-01-22_01:21:37,ruby_under
1444,2021-01-22_01:11:37,2021-01-22_01:21:37,Y63JiYyEsL2atlf
1446,2021-01-22_01:11:37,2021-01-22_01:21:37,kiiiiiiiinusu
1462,2021-01-22_01:11:37,2021-01-22_01:21:37,RAGI_Ruby
1464,2021-01-22_01:11:37,2021-01-22_01:21:37,kouya_mic
1468,2021-01-22_01:11:37,2021-01-22_01:21:37,m0x0m_mk
1486,2021-01-22_01:01:37,2021-01-22_01:11:37,ruby_hime
1490,2021-01-22_01:01:37,2021-01-22_01:11:37,JmjmPjw
1491,2021-01-22_01:01:37,2021-01-22_01:11:37,banibaniice
1503,2021-01-22_01:01:37,2021-01-22_01:11:37,ssss_ruby
1512,2021-01-22_01:01:37,2021-01-22_01:11:37,mesomesosenpai1
1522,2021-01-22_01:01:37,2021-01-22_01:11:37,zzzkawakawazzz
1524,2021-01-22_01:01:37,2021-01-22_01:11:37,saruneko_monkya
1547,2021-01-22_00:51:37,2021-01-22_01:01:37,uttsu_jp
1549,2021-01-22_00:51:37,2021-01-22_01:01:37,Kurarun_1216
1559,2021-01-22_00:51:37,2021-01-22_01:01:37,TsukiRu1128
1561,2021-01-22_00:51:37,2021-01-22_01:01:37,FPL_ruby
1566,2021-01-22_00:51:37,2021-01-22_01:01:37,ruby_tarou
1569,2021-01-22_00:51:37,2021-01-22_01:01:37,satomurarin
1576,2021-01-22_00:51:37,2021-01-22_01:01:37,crown2932
1577,2021-01-22_00:51:37,2021-01-22_01:01:37,searothonc
1586,2021-01-22_00:51:37,2021-01-22_01:01:37,03s04ru
1588,2021-01-22_00:51:37,2021-01-22_01:01:37,_sae_xx
1594,2021-01-22_00:41:37,2021-01-22_00:51:37,nono_w927w
1597,2021-01-22_00:41:37,2021-01-22_00:51:37,yoshitaka12_2
1603,2021-01-22_00:41:37,2021-01-22_00:51:37,saanight282
1604,2021-01-22_00:41:37,2021-01-22_00:51:37,nyanporanyan
1606,2021-01-22_00:41:37,2021-01-22_00:51:37,sakusakupg
1610,2021-01-22_00:41:37,2021-01-22_00:51:37,RIEKO_lovelive
1617,2021-01-22_00:41:37,2021-01-22_00:51:37,uracobo
1635,2021-01-22_00:41:37,2021-01-22_00:51:37,koyani_ruby
1640,2021-01-22_00:41:37,2021-01-22_00:51:37,_Mo87_
1650,2021-01-22_00:41:37,2021-01-22_00:51:37,Aira_jimin
1654,2021-01-22_00:41:37,2021-01-22_00:51:37,Mosadon_
1656,2021-01-22_00:41:37,2021-01-22_00:51:37,ruby_cocoa_
1658,2021-01-22_00:41:37,2021-01-22_00:51:37,minatotext2
1667,2021-01-22_00:31:37,2021-01-22_00:41:37,_aMe_official
1668,2021-01-22_00:31:37,2021-01-22_00:41:37,kzkamago0721
1675,2021-01-22_00:31:37,2021-01-22_00:41:37,megumihotruby
1678,2021-01-22_00:31:37,2021-01-22_00:41:37,Kinopi_04190101
1681,2021-01-22_00:31:37,2021-01-22_00:41:37,An_panman__1
1682,2021-01-22_00:31:37,2021-01-22_00:41:37,ryunoue0426
1683,2021-01-22_00:31:37,2021-01-22_00:41:37,RoTo0678
1684,2021-01-22_00:31:37,2021-01-22_00:41:37,TamilAsano
1685,2021-01-22_00:31:37,2021-01-22_00:41:37,RPbgsAtToUV7dFs
1693,2021-01-22_00:31:37,2021-01-22_00:41:37,BruinKuma
1700,2021-01-22_00:31:37,2021-01-22_00:41:37,tatsuya0428
1706,2021-01-22_00:31:37,2021-01-22_00:41:37,Dexholder_Ruby
1708,2021-01-22_00:31:37,2021-01-22_00:41:37,niko__mari
1720,2021-01-22_00:31:37,2021-01-22_00:41:37,SANKAKU_HARBOW
1725,2021-01-22_00:31:37,2021-01-22_00:41:37,AwsManto
1746,2021-01-22_00:21:37,2021-01-22_00:31:37,HANKEY444
1749,2021-01-22_00:21:37,2021-01-22_00:31:37,from_techpapa
1755,2021-01-22_00:21:37,2021-01-22_00:31:37,aone_tuki
1758,2021-01-22_00:21:37,2021-01-22_00:31:37,ruby___ariko
1759,2021-01-22_00:21:37,2021-01-22_00:31:37,ruby_rubiko
1766,2021-01-22_00:21:37,2021-01-22_00:31:37,Tfr2kC
1770,2021-01-22_00:21:37,2021-01-22_00:31:37,foolsgold_moon
1772,2021-01-22_00:21:37,2021-01-22_00:31:37,shizuka_yogi
1773,2021-01-22_00:21:37,2021-01-22_00:31:37,asedaisuke
1777,2021-01-22_00:21:37,2021-01-22_00:31:37,Kojiro_og
1779,2021-01-22_00:21:37,2021-01-22_00:31:37,Ruby_602Club
1780,2021-01-22_00:21:37,2021-01-22_00:31:37,_sushiy
1782,2021-01-22_00:21:37,2021-01-22_00:31:37,ruby_emy
1785,2021-01-22_00:21:37,2021-01-22_00:31:37,ruby_U
1797,2021-01-22_00:21:37,2021-01-22_00:31:37,satoshi28030166
1799,2021-01-22_00:21:37,2021-01-22_00:31:37,itoking07
1800,2021-01-22_00:21:37,2021-01-22_00:31:37,mn230811
1802,2021-01-22_00:21:37,2021-01-22_00:31:37,ruby_ripper
1808,2021-01-22_00:11:37,2021-01-22_00:21:37,a__noahxxx
1813,2021-01-22_00:11:37,2021-01-22_00:21:37,Ruby_2548
1814,2021-01-22_00:11:37,2021-01-22_00:21:37,Kohaku44210
1819,2021-01-22_00:11:37,2021-01-22_00:21:37,v_Torippi_v
1823,2021-01-22_00:11:37,2021-01-22_00:21:37,ikue9510
1835,2021-01-22_00:11:37,2021-01-22_00:21:37,higuchi_511
1838,2021-01-22_00:11:37,2021-01-22_00:21:37,Ruby_ss6
1842,2021-01-22_00:11:37,2021-01-22_00:21:37,nnpooh_
1844,2021-01-22_00:11:37,2021-01-22_00:21:37,you_ruby_n
1847,2021-01-22_00:11:37,2021-01-22_00:21:37,sashishi_EN
1858,2021-01-22_00:11:37,2021-01-22_00:21:37,Ruby_Soulmate
1860,2021-01-22_00:11:37,2021-01-22_00:21:37,714nt925
1862,2021-01-22_00:11:37,2021-01-22_00:21:37,AraMao_
1869,2021-01-22_00:01:37,2021-01-22_00:11:37,water_ruby
1873,2021-01-22_00:01:37,2021-01-22_00:11:37,masa751211
1874,2021-01-22_00:01:37,2021-01-22_00:11:37,BL_syoukai_bot
1876,2021-01-22_00:01:37,2021-01-22_00:11:37,duotheworld
1881,2021-01-22_00:01:37,2021-01-22_00:11:37,kurousa125
1886,2021-01-22_00:01:37,2021-01-22_00:11:37,ruby_of_theseus
1905,2021-01-22_00:01:37,2021-01-22_00:11:37,fuhefuhe_smile
1906,2021-01-22_00:01:37,2021-01-22_00:11:37,sophia_ruby
1907,2021-01-22_00:01:37,2021-01-22_00:11:37,saki_rrrrats
1909,2021-01-22_00:01:37,2021-01-22_00:11:37,ruby_uchida
1922,2021-01-22_00:01:37,2021-01-22_00:11:37,Ruby__noah
1929,2021-01-22_00:01:37,2021-01-22_00:11:37,tdRMGZ23kFG9Xl
1930,2021-01-22_00:01:37,2021-01-22_00:11:37,Ruby__fraise
1933,2021-01-22_00:01:37,2021-01-22_00:11:37,miko____rin
1936,2021-01-22_00:01:37,2021-01-22_00:11:37,icecreeeamlover
1940,2021-01-22_00:01:37,2021-01-22_00:11:37,ruby_gtt
1947,2021-01-22_00:01:37,2021-01-22_00:11:37,Ruby_WUG
1948,2021-01-22_00:01:37,2021-01-22_00:11:37,Ruby_1127
1953,2021-01-22_00:01:37,2021-01-22_00:11:37,Ruby_Zzzzzz
1960,2021-01-22_00:01:37,2021-01-22_00:11:37,m0632i
1968,2021-01-21_23:51:37,2021-01-22_00:01:37,Rf1mvRAEw1G7StX
1970,2021-01-21_23:51:37,2021-01-22_00:01:37,rentontvrenton
1981,2021-01-21_23:51:37,2021-01-22_00:01:37,ryohanbei22
1982,2021-01-21_23:51:37,2021-01-22_00:01:37,KAI_NI_NARITASA
1986,2021-01-21_23:51:37,2021-01-22_00:01:37,Poke_sabu_z_
1991,2021-01-21_23:51:37,2021-01-22_00:01:37,__shi5cham__
1994,2021-01-21_23:51:37,2021-01-22_00:01:37,ottamii
2001,2021-01-21_23:51:37,2021-01-22_00:01:37,44attack
2008,2021-01-21_23:51:37,2021-01-22_00:01:37,Sumino_Ruby
2009,2021-01-21_23:51:37,2021-01-22_00:01:37,webmaster0310
2017,2021-01-21_23:51:37,2021-01-22_00:01:37,candy_RUBY_
2020,2021-01-21_23:51:37,2021-01-22_00:01:37,shii__study
2022,2021-01-21_23:51:37,2021-01-22_00:01:37,nicotineweb
2026,2021-01-21_23:51:37,2021-01-22_00:01:37,fxtouge248
2027,2021-01-21_23:51:37,2021-01-22_00:01:37,ET_RUBY
2030,2021-01-21_23:51:37,2021-01-22_00:01:37,o50055368
2036,2021-01-21_23:51:37,2021-01-22_00:01:37,nekoshita_yuki
2043,2021-01-21_23:41:37,2021-01-21_23:51:37,F53095977
2046,2021-01-21_23:41:37,2021-01-21_23:51:37,AMAGAMI_hamu2
2049,2021-01-21_23:41:37,2021-01-21_23:51:37,TOLpN9RKBFIVcy2
2050,2021-01-21_23:41:37,2021-01-21_23:51:37,qsona
2052,2021-01-21_23:41:37,2021-01-21_23:51:37,minty_program
2053,2021-01-21_23:41:37,2021-01-21_23:51:37,sdEbgwhRfHRVVRs
2054,2021-01-21_23:41:37,2021-01-21_23:51:37,yuuki10280210
2056,2021-01-21_23:41:37,2021-01-21_23:51:37,GINNSETU_nasi
2059,2021-01-21_23:41:37,2021-01-21_23:51:37,ruby_lego
2060,2021-01-21_23:41:37,2021-01-21_23:51:37,furuhon_kaitori
2065,2021-01-21_23:41:37,2021-01-21_23:51:37,MkKhLl9
2066,2021-01-21_23:41:37,2021-01-21_23:51:37,kiyoma_try
2068,2021-01-21_23:41:37,2021-01-21_23:51:37,mine02c4
2074,2021-01-21_23:41:37,2021-01-21_23:51:37,Lyon0893
2076,2021-01-21_23:41:37,2021-01-21_23:51:37,Ken_HellHoppers
2078,2021-01-21_23:41:37,2021-01-21_23:51:37,SHO_RUBY
2081,2021-01-21_23:41:37,2021-01-21_23:51:37,_lovelive_0117_
2085,2021-01-21_23:41:37,2021-01-21_23:51:37,mikecat_yukkuri
2086,2021-01-21_23:41:37,2021-01-21_23:51:37,MochicoLop
2092,2021-01-21_23:41:37,2021-01-21_23:51:37,asuka_red_ruby
2096,2021-01-21_23:41:37,2021-01-21_23:51:37,natsutan
2100,2021-01-21_23:41:37,2021-01-21_23:51:37,4um4y0
2101,2021-01-21_23:41:37,2021-01-21_23:51:37,ruby_sirokuro
2103,2021-01-21_23:41:37,2021-01-21_23:51:37,inoponA
2105,2021-01-21_23:41:37,2021-01-21_23:51:37,QX14zX7pcBge0jL
2106,2021-01-21_23:41:37,2021-01-21_23:51:37,dufor_drk
2109,2021-01-21_23:41:37,2021-01-21_23:51:37,yasunori_aloha
2112,2021-01-21_23:41:37,2021-01-21_23:51:37,Vaito_inMserver
2126,2021-01-21_23:31:37,2021-01-21_23:41:37,78_70_8amen
2127,2021-01-21_23:31:37,2021-01-21_23:41:37,EqualL2
2130,2021-01-21_23:31:37,2021-01-21_23:41:37,Mare3807_YT
2145,2021-01-21_23:31:37,2021-01-21_23:41:37,papakatsu_ruby
2148,2021-01-21_23:31:37,2021-01-21_23:41:37,pink_bangbi
2151,2021-01-21_23:31:37,2021-01-21_23:41:37,leopupikun1049
2159,2021-01-21_23:31:37,2021-01-21_23:41:37,ruby_krsw_
2161,2021-01-21_23:31:37,2021-01-21_23:41:37,Tane0920_ruby
2175,2021-01-21_23:31:37,2021-01-21_23:41:37,ruby_and_winnie
2177,2021-01-21_23:31:37,2021-01-21_23:41:37,bangandburn1
2181,2021-01-21_23:31:37,2021-01-21_23:41:37,syuwax2_SAIDA
2184,2021-01-21_23:31:37,2021-01-21_23:41:37,syokunokamieatn
2185,2021-01-21_23:31:37,2021-01-21_23:41:37,uno_hana0613
2198,2021-01-21_23:21:37,2021-01-21_23:31:37,Ruby_Natsu
2199,2021-01-21_23:21:37,2021-01-21_23:31:37,boramsshine
2201,2021-01-21_23:21:37,2021-01-21_23:31:37,MJ_highmax
2204,2021-01-21_23:21:37,2021-01-21_23:31:37,_x1003x_
2205,2021-01-21_23:21:37,2021-01-21_23:31:37,TOKOSUUU
2206,2021-01-21_23:21:37,2021-01-21_23:31:37,sasamimimin
2210,2021-01-21_23:21:37,2021-01-21_23:31:37,koi_1015
2217,2021-01-21_23:21:37,2021-01-21_23:31:37,5pine1
2227,2021-01-21_23:21:37,2021-01-21_23:31:37,xxx_FY
2240,2021-01-21_23:21:37,2021-01-21_23:31:37,umatovi_fan
2243,2021-01-21_23:11:37,2021-01-21_23:21:37,KOSE31281703
2244,2021-01-21_23:11:37,2021-01-21_23:21:37,Almeia_RUBY
2253,2021-01-21_23:11:37,2021-01-21_23:21:37,iumikokoko
2258,2021-01-21_23:11:37,2021-01-21_23:21:37,W7Mgryan
2261,2021-01-21_23:11:37,2021-01-21_23:21:37,shikishima19jp
2265,2021-01-21_23:11:37,2021-01-21_23:21:37,Reveluv_Ruby
2267,2021-01-21_23:11:37,2021-01-21_23:21:37,Snowcat_Arcaea
2268,2021-01-21_23:11:37,2021-01-21_23:21:37,Invi_album
2269,2021-01-21_23:11:37,2021-01-21_23:21:37,RUBY_love_0921
2270,2021-01-21_23:11:37,2021-01-21_23:21:37,haruna_ruby
2271,2021-01-21_23:11:37,2021-01-21_23:21:37,1620Kaito
2272,2021-01-21_23:11:37,2021-01-21_23:21:37,kanan_takaura
2280,2021-01-21_23:11:37,2021-01-21_23:21:37,66Hikaruuu
2286,2021-01-21_23:11:37,2021-01-21_23:21:37,natsuki2574
2289,2021-01-21_23:11:37,2021-01-21_23:21:37,YukimaxTv2xq
2290,2021-01-21_23:11:37,2021-01-21_23:21:37,ZEAsiwanNTOmiwa
2293,2021-01-21_23:11:37,2021-01-21_23:21:37,12_CLaRa_13
2294,2021-01-21_23:11:37,2021-01-21_23:21:37,Ruby_spl
2296,2021-01-21_23:11:37,2021-01-21_23:21:37,LOcwH4OuPO99iiY
2297,2021-01-21_23:11:37,2021-01-21_23:21:37,sayo_saru
2299,2021-01-21_23:11:37,2021-01-21_23:21:37,IRUKA_SHO
2300,2021-01-21_23:11:37,2021-01-21_23:21:37,Mumu_michi
2304,2021-01-21_23:11:37,2021-01-21_23:21:37,jewel_ruby_y
2317,2021-01-21_23:01:37,2021-01-21_23:11:37,emicii__
2319,2021-01-21_23:01:37,2021-01-21_23:11:37,ruby_0740
2320,2021-01-21_23:01:37,2021-01-21_23:11:37,ani2001_ClariS
2321,2021-01-21_23:01:37,2021-01-21_23:11:37,U_ishige
2324,2021-01-21_23:01:37,2021-01-21_23:11:37,2020BH2222
2327,2021-01-21_23:01:37,2021-01-21_23:11:37,ruby_ringside
2328,2021-01-21_23:01:37,2021-01-21_23:11:37,tsumugimugi_pro
2336,2021-01-21_23:01:37,2021-01-21_23:11:37,rsC0recPNWynI0z
2343,2021-01-21_23:01:37,2021-01-21_23:11:37,diarymeky
2344,2021-01-21_23:01:37,2021-01-21_23:11:37,roy_ruby
2350,2021-01-21_23:01:37,2021-01-21_23:11:37,Chihokomoriya
2356,2021-01-21_23:01:37,2021-01-21_23:11:37,Arditomiko
2365,2021-01-21_23:01:37,2021-01-21_23:11:37,Oboro108
2366,2021-01-21_23:01:37,2021-01-21_23:11:37,MAQcWaHOWRTvOzR
2367,2021-01-21_23:01:37,2021-01-21_23:11:37,aiskice
2381,2021-01-21_23:01:37,2021-01-21_23:11:37,Hasumi_529
2387,2021-01-21_23:01:37,2021-01-21_23:11:37,PlanetUsagi
2388,2021-01-21_23:01:37,2021-01-21_23:11:37,you0904_boc
2399,2021-01-21_22:51:37,2021-01-21_23:01:37,Light_of_ruby
2400,2021-01-21_22:51:37,2021-01-21_23:01:37,Taku198802
2401,2021-01-21_22:51:37,2021-01-21_23:01:37,a_k_a_nyarot
2410,2021-01-21_22:51:37,2021-01-21_23:01:37,nananananana778
2411,2021-01-21_22:51:37,2021-01-21_23:01:37,KOTOR_LOVE_0330
2413,2021-01-21_22:51:37,2021-01-21_23:01:37,vit_udon
2422,2021-01-21_22:51:37,2021-01-21_23:01:37,sako24_Lemon
2429,2021-01-21_22:51:37,2021-01-21_23:01:37,fd0
2433,2021-01-21_22:51:37,2021-01-21_23:01:37,obamacpu
2435,2021-01-21_22:51:37,2021-01-21_23:01:37,griffin_stewie
2444,2021-01-21_22:51:37,2021-01-21_23:01:37,SongVocalyrics
2445,2021-01-21_22:51:37,2021-01-21_23:01:37,Wcrew_Tiara
2448,2021-01-21_22:51:37,2021-01-21_23:01:37,ruby_isikoro
2452,2021-01-21_22:51:37,2021-01-21_23:01:37,juuokei_
2453,2021-01-21_22:51:37,2021-01-21_23:01:37,akiyamakosukee
2470,2021-01-21_22:41:37,2021-01-21_22:51:37,ruby_akatuki
2471,2021-01-21_22:41:37,2021-01-21_22:51:37,Ruby_Spinel_Sun
2476,2021-01-21_22:41:37,2021-01-21_22:51:37,satoshohaikara
2477,2021-01-21_22:41:37,2021-01-21_22:51:37,Familleheureus1
2481,2021-01-21_22:41:37,2021-01-21_22:51:37,uchi_hiro04
2483,2021-01-21_22:41:37,2021-01-21_22:51:37,vWLppvuW4U5Y9dd
2485,2021-01-21_22:41:37,2021-01-21_22:51:37,lunasol_ruby_a
2486,2021-01-21_22:41:37,2021-01-21_22:51:37,yukiya_nana0711
2488,2021-01-21_22:41:37,2021-01-21_22:51:37,black_bird_CROW
2489,2021-01-21_22:41:37,2021-01-21_22:51:37,GZCPRTBojQznVfj
2491,2021-01-21_22:41:37,2021-01-21_22:51:37,Ruby_zeNopro
2492,2021-01-21_22:41:37,2021-01-21_22:51:37,mehmehws
2496,2021-01-21_22:41:37,2021-01-21_22:51:37,ruby_kii
2497,2021-01-21_22:41:37,2021-01-21_22:51:37,handmadeolive
2498,2021-01-21_22:41:37,2021-01-21_22:51:37,p_skillup
2501,2021-01-21_22:41:37,2021-01-21_22:51:37,hirom_nog
2505,2021-01-21_22:41:37,2021-01-21_22:51:37,ruby_moon30
2508,2021-01-21_22:41:37,2021-01-21_22:51:37,furusefuyu
2511,2021-01-21_22:41:37,2021-01-21_22:51:37,Emperor0417
2513,2021-01-21_22:41:37,2021-01-21_22:51:37,ruby_1002
2516,2021-01-21_22:41:37,2021-01-21_22:51:37,i7grgn
2520,2021-01-21_22:41:37,2021-01-21_22:51:37,t___kpg
2526,2021-01-21_22:41:37,2021-01-21_22:51:37,yuko_ruby
2544,2021-01-21_22:41:37,2021-01-21_22:51:37,pejunpepe
2549,2021-01-21_22:31:37,2021-01-21_22:41:37,rum58422298
2556,2021-01-21_22:31:37,2021-01-21_22:41:37,Fierro_ruby
2558,2021-01-21_22:31:37,2021-01-21_22:41:37,kuroneko_923
2560,2021-01-21_22:31:37,2021-01-21_22:41:37,HirotoonEngi
2569,2021-01-21_22:31:37,2021-01-21_22:41:37,KURI_RYO_JP
2579,2021-01-21_22:31:37,2021-01-21_22:41:37,cherry_aozora
2581,2021-01-21_22:31:37,2021-01-21_22:41:37,bouzubou
2584,2021-01-21_22:31:37,2021-01-21_22:41:37,n__ruby
2594,2021-01-21_22:31:37,2021-01-21_22:41:37,ryusei_bebop
2597,2021-01-21_22:31:37,2021-01-21_22:41:37,seedsny
2604,2021-01-21_22:31:37,2021-01-21_22:41:37,hikari87734271
2607,2021-01-21_22:31:37,2021-01-21_22:41:37,otama_tama
2621,2021-01-21_22:31:37,2021-01-21_22:41:37,tomitatwt1308
2623,2021-01-21_22:31:37,2021-01-21_22:41:37,_Ai__Ruby
2626,2021-01-21_22:31:37,2021-01-21_22:41:37,Anmonyaito_ID
2627,2021-01-21_22:31:37,2021-01-21_22:41:37,ruby_m0807
2636,2021-01-21_22:31:37,2021-01-21_22:41:37,re79702225
2638,2021-01-21_22:31:37,2021-01-21_22:41:37,Ruby_game0117
2643,2021-01-21_22:31:37,2021-01-21_22:41:37,jsadmz
2661,2021-01-21_22:21:37,2021-01-21_22:31:37,naka_x_suke
2662,2021-01-21_22:21:37,2021-01-21_22:31:37,Vermouth_Mitake
2669,2021-01-21_22:21:37,2021-01-21_22:31:37,mtg_minako
2671,2021-01-21_22:21:37,2021-01-21_22:31:37,UnderGroundoT
2672,2021-01-21_22:21:37,2021-01-21_22:31:37,yukkuriyun
2673,2021-01-21_22:21:37,2021-01-21_22:31:37,CureNewd
2677,2021-01-21_22:21:37,2021-01-21_22:31:37,CIBIDA_Il
2681,2021-01-21_22:21:37,2021-01-21_22:31:37,it_begi_yos815
2683,2021-01-21_22:21:37,2021-01-21_22:31:37,p_ayane_sakura
2685,2021-01-21_22:21:37,2021-01-21_22:31:37,Ruby_srmr
2689,2021-01-21_22:21:37,2021-01-21_22:31:37,Ksa8RzukIVR2bKx
2692,2021-01-21_22:21:37,2021-01-21_22:31:37,sphere_ruby
2702,2021-01-21_22:21:37,2021-01-21_22:31:37,nozoyuna2521
2707,2021-01-21_22:21:37,2021-01-21_22:31:37,oDYRM2E2PsiDozL
2716,2021-01-21_22:21:37,2021-01-21_22:31:37,3zuyo_High
2718,2021-01-21_22:21:37,2021-01-21_22:31:37,Ru_k0_0
2724,2021-01-21_22:21:37,2021-01-21_22:31:37,TYP86264469
2731,2021-01-21_22:21:37,2021-01-21_22:31:37,ao_saryaruhu
2746,2021-01-21_22:21:37,2021-01-21_22:31:37,kyabekumasan
2747,2021-01-21_22:21:37,2021-01-21_22:31:37,ppdp1992
2751,2021-01-21_22:11:37,2021-01-21_22:21:37,KuriSan_Fox
2754,2021-01-21_22:11:37,2021-01-21_22:21:37,BPyu_pp
2755,2021-01-21_22:11:37,2021-01-21_22:21:37,0Dbns_AT_LpkU
2756,2021-01-21_22:11:37,2021-01-21_22:21:37,fizz_ruby
2757,2021-01-21_22:11:37,2021-01-21_22:21:37,Ruby_auc
2759,2021-01-21_22:11:37,2021-01-21_22:21:37,7__Ruby
2766,2021-01-21_22:11:37,2021-01-21_22:21:37,14ttE
2772,2021-01-21_22:11:37,2021-01-21_22:21:37,ichita_018
2777,2021-01-21_22:11:37,2021-01-21_22:21:37,ruby_ring
2781,2021-01-21_22:11:37,2021-01-21_22:21:37,26knmr26
2785,2021-01-21_22:11:37,2021-01-21_22:21:37,coppelia_ruby
2787,2021-01-21_22:11:37,2021-01-21_22:21:37,tonashibass
2790,2021-01-21_22:11:37,2021-01-21_22:21:37,yumeichigo_ruby
2797,2021-01-21_22:11:37,2021-01-21_22:21:37,TohokisekigoodP
2800,2021-01-21_22:11:37,2021-01-21_22:21:37,ClearBlueAqours
2802,2021-01-21_22:11:37,2021-01-21_22:21:37,yg4yoYYLOO7pqB9
2804,2021-01-21_22:11:37,2021-01-21_22:21:37,samurai_trader_
2808,2021-01-21_22:11:37,2021-01-21_22:21:37,machinari_osaka
2809,2021-01-21_22:11:37,2021-01-21_22:21:37,WvCis
2810,2021-01-21_22:11:37,2021-01-21_22:21:37,okaki1925
2813,2021-01-21_22:11:37,2021-01-21_22:21:37,z6lAJAfH8Je3E3e
2814,2021-01-21_22:11:37,2021-01-21_22:21:37,LilyLivith
2815,2021-01-21_22:11:37,2021-01-21_22:21:37,kayochin_ruby
2816,2021-01-21_22:11:37,2021-01-21_22:21:37,seiryu_518
2817,2021-01-21_22:11:37,2021-01-21_22:21:37,gocho
2819,2021-01-21_22:11:37,2021-01-21_22:21:37,JustDsthbhj
2830,2021-01-21_22:11:37,2021-01-21_22:21:37,190327_my_diary
2832,2021-01-21_22:11:37,2021-01-21_22:21:37,vierge_ruby
2834,2021-01-21_22:11:37,2021-01-21_22:21:37,hihumi_I
2839,2021-01-21_22:11:37,2021-01-21_22:21:37,gtdimg
2846,2021-01-21_22:11:37,2021-01-21_22:21:37,Mantame1
2853,2021-01-21_22:01:37,2021-01-21_22:11:37,Ruby_hobby_h
2872,2021-01-21_22:01:37,2021-01-21_22:11:37,RIE75292740
2880,2021-01-21_22:01:37,2021-01-21_22:11:37,muraken_ken
2883,2021-01-21_22:01:37,2021-01-21_22:11:37,Ren__ceo
2886,2021-01-21_22:01:37,2021-01-21_22:11:37,MI0_Ruby
2888,2021-01-21_22:01:37,2021-01-21_22:11:37,Penpen_Retweet
2892,2021-01-21_22:01:37,2021-01-21_22:11:37,saesae
2895,2021-01-21_22:01:37,2021-01-21_22:11:37,engineer_0123
2902,2021-01-21_22:01:37,2021-01-21_22:11:37,JO51608309
2905,2021-01-21_22:01:37,2021-01-21_22:11:37,mingyu0_0
2908,2021-01-21_22:01:37,2021-01-21_22:11:37,ast_pdzatsu
2911,2021-01-21_22:01:37,2021-01-21_22:11:37,Ruby_Battler
2912,2021-01-21_22:01:37,2021-01-21_22:11:37,TechMmr
2916,2021-01-21_22:01:37,2021-01-21_22:11:37,K_Ruby_0921
2922,2021-01-21_21:51:37,2021-01-21_22:01:37,dimr_tks
2924,2021-01-21_21:51:37,2021-01-21_22:01:37,mohi0310
2925,2021-01-21_21:51:37,2021-01-21_22:01:37,icon_beginner
2932,2021-01-21_21:51:37,2021-01-21_22:01:37,_NoG1_
2933,2021-01-21_21:51:37,2021-01-21_22:01:37,Marquis_de_Rit
2939,2021-01-21_21:51:37,2021-01-21_22:01:37,shawn_amistad
2942,2021-01-21_21:51:37,2021-01-21_22:01:37,mehndi_janm
2943,2021-01-21_21:51:37,2021-01-21_22:01:37,ruby_cacao
2949,2021-01-21_21:51:37,2021-01-21_22:01:37,drum_YumeIIZE
2951,2021-01-21_21:51:37,2021-01-21_22:01:37,nekokancy
2952,2021-01-21_21:51:37,2021-01-21_22:01:37,prego_1
2953,2021-01-21_21:51:37,2021-01-21_22:01:37,m4_Ruby
2957,2021-01-21_21:51:37,2021-01-21_22:01:37,Ruby_Ay_Y7
2959,2021-01-21_21:51:37,2021-01-21_22:01:37,shiotakag0903
2965,2021-01-21_21:51:37,2021-01-21_22:01:37,9wara
2969,2021-01-21_21:51:37,2021-01-21_22:01:37,inidesu
2970,2021-01-21_21:51:37,2021-01-21_22:01:37,ic0noclazm_
2985,2021-01-21_21:51:37,2021-01-21_22:01:37,Airu19992004
2986,2021-01-21_21:51:37,2021-01-21_22:01:37,Aqours_hareyou
2987,2021-01-21_21:51:37,2021-01-21_22:01:37,matsumimikkyu
2993,2021-01-21_21:51:37,2021-01-21_22:01:37,ArutamaeSuper1
3004,2021-01-21_21:41:37,2021-01-21_21:51:37,Ruby_h09
3005,2021-01-21_21:41:37,2021-01-21_21:51:37,Miminatokun
3009,2021-01-21_21:41:37,2021-01-21_21:51:37,kisaki_tina
3013,2021-01-21_21:41:37,2021-01-21_21:51:37,Tukito_Dahlia
3014,2021-01-21_21:41:37,2021-01-21_21:51:37,ruby_e_l
3023,2021-01-21_21:41:37,2021-01-21_21:51:37,nabeshoya
3030,2021-01-21_21:41:37,2021-01-21_21:51:37,uyu__Ruby
3038,2021-01-21_21:41:37,2021-01-21_21:51:37,Siroi_Ookami124
3039,2021-01-21_21:41:37,2021-01-21_21:51:37,mihane_ruby
3045,2021-01-21_21:41:37,2021-01-21_21:51:37,aya23_912
3048,2021-01-21_21:41:37,2021-01-21_21:51:37,programing_sho
3053,2021-01-21_21:41:37,2021-01-21_21:51:37,muu_ruby
3064,2021-01-21_21:41:37,2021-01-21_21:51:37,overleo
3066,2021-01-21_21:41:37,2021-01-21_21:51:37,yufa_1201
3067,2021-01-21_21:41:37,2021-01-21_21:51:37,RUBY_TURQUOISE1
3071,2021-01-21_21:41:37,2021-01-21_21:51:37,v1HVh1McKBlksRz
3074,2021-01-21_21:41:37,2021-01-21_21:51:37,non_non6971
3076,2021-01-21_21:41:37,2021-01-21_21:51:37,visco_dragon
3083,2021-01-21_21:31:37,2021-01-21_21:41:37,ruby_kawaisugi
3092,2021-01-21_21:31:37,2021-01-21_21:41:37,ruby_dia2018
3093,2021-01-21_21:31:37,2021-01-21_21:41:37,hi_san1215
3102,2021-01-21_21:31:37,2021-01-21_21:41:37,Nagamu_on_rails
3103,2021-01-21_21:31:37,2021-01-21_21:41:37,engineer_ikuzou
3110,2021-01-21_21:31:37,2021-01-21_21:41:37,NmWGDOfRlhptoC2
3116,2021-01-21_21:31:37,2021-01-21_21:41:37,Ryo_pngn
3125,2021-01-21_21:31:37,2021-01-21_21:41:37,kohe91
3127,2021-01-21_21:31:37,2021-01-21_21:41:37,youryu09ya18
3129,2021-01-21_21:31:37,2021-01-21_21:41:37,SiM_hodohodo
3133,2021-01-21_21:31:37,2021-01-21_21:41:37,MANYUPIXIV_
3139,2021-01-21_21:31:37,2021-01-21_21:41:37,fillech_yl
3141,2021-01-21_21:31:37,2021-01-21_21:41:37,A_ito_H
3147,2021-01-21_21:31:37,2021-01-21_21:41:37,saboyutaka
3151,2021-01-21_21:21:37,2021-01-21_21:31:37,alittleyard
3154,2021-01-21_21:21:37,2021-01-21_21:31:37,nantake3
3159,2021-01-21_21:21:37,2021-01-21_21:31:37,GoH320
3161,2021-01-21_21:21:37,2021-01-21_21:31:37,sorak0707
3162,2021-01-21_21:21:37,2021-01-21_21:31:37,beelarc_arder16
3169,2021-01-21_21:21:37,2021-01-21_21:31:37,Osigaooizura
3171,2021-01-21_21:21:37,2021-01-21_21:31:37,Gas_mosQuiteLov
3174,2021-01-21_21:21:37,2021-01-21_21:31:37,ruby_so3
3177,2021-01-21_21:21:37,2021-01-21_21:31:37,agemisawachi
3180,2021-01-21_21:21:37,2021-01-21_21:31:37,Liand_0902
3189,2021-01-21_21:21:37,2021-01-21_21:31:37,ruby_peony
3196,2021-01-21_21:21:37,2021-01-21_21:31:37,Naraiel
3197,2021-01-21_21:21:37,2021-01-21_21:31:37,suzuo_12
3198,2021-01-21_21:21:37,2021-01-21_21:31:37,prn_cy
3201,2021-01-21_21:21:37,2021-01-21_21:31:37,Ayu_satoniya__
3204,2021-01-21_21:21:37,2021-01-21_21:31:37,huwa____s
3221,2021-01-21_21:21:37,2021-01-21_21:31:37,4s_27
3228,2021-01-21_21:11:37,2021-01-21_21:21:37,dstwit_18
3233,2021-01-21_21:11:37,2021-01-21_21:21:37,yukizizimama
3234,2021-01-21_21:11:37,2021-01-21_21:21:37,ifuuu10
3236,2021-01-21_21:11:37,2021-01-21_21:21:37,ruby_3100
3238,2021-01-21_21:11:37,2021-01-21_21:21:37,ryoupinoroom
3239,2021-01-21_21:11:37,2021-01-21_21:21:37,Frorgxmane
3241,2021-01-21_21:11:37,2021-01-21_21:21:37,Ruby_Ring1111
3242,2021-01-21_21:11:37,2021-01-21_21:21:37,Rk9Pli
3243,2021-01-21_21:11:37,2021-01-21_21:21:37,loveLive_ruby
3246,2021-01-21_21:11:37,2021-01-21_21:21:37,rairapusu713
3251,2021-01-21_21:11:37,2021-01-21_21:21:37,1s78K_
3252,2021-01-21_21:11:37,2021-01-21_21:21:37,SITBDf4UenU450m
3262,2021-01-21_21:11:37,2021-01-21_21:21:37,xTCNFX0OUQT1NBJ
3264,2021-01-21_21:11:37,2021-01-21_21:21:37,Karin19130127
3268,2021-01-21_21:11:37,2021-01-21_21:21:37,skchu_
3272,2021-01-21_21:11:37,2021-01-21_21:21:37,173cm__0501
3273,2021-01-21_21:11:37,2021-01-21_21:21:37,black_rose_are
3291,2021-01-21_21:11:37,2021-01-21_21:21:37,nozomi_O6
3304,2021-01-21_21:01:37,2021-01-21_21:11:37,yonayona313
3311,2021-01-21_21:01:37,2021-01-21_21:11:37,poyopoyomaroppi
3312,2021-01-21_21:01:37,2021-01-21_21:11:37,A22FNdp6hqgxmNT
3314,2021-01-21_21:01:37,2021-01-21_21:11:37,Shunryu_police
3315,2021-01-21_21:01:37,2021-01-21_21:11:37,Masat041
3318,2021-01-21_21:01:37,2021-01-21_21:11:37,_sky_ruby
3320,2021-01-21_21:01:37,2021-01-21_21:11:37,hyron_iwata
3321,2021-01-21_21:01:37,2021-01-21_21:11:37,aoimori_
3325,2021-01-21_21:01:37,2021-01-21_21:11:37,kill_xsx
3326,2021-01-21_21:01:37,2021-01-21_21:11:37,Ruby_kp1217
3331,2021-01-21_21:01:37,2021-01-21_21:11:37,vs2251
3333,2021-01-21_21:01:37,2021-01-21_21:11:37,_Naru_0327
3337,2021-01-21_21:01:37,2021-01-21_21:11:37,hwyzen
3340,2021-01-21_21:01:37,2021-01-21_21:11:37,KP523_Jtiara
3342,2021-01-21_21:01:37,2021-01-21_21:11:37,fujiwara_59
3344,2021-01-21_21:01:37,2021-01-21_21:11:37,Kechin0221
3347,2021-01-21_21:01:37,2021-01-21_21:11:37,nanosani_wawa
3351,2021-01-21_21:01:37,2021-01-21_21:11:37,Bijumam
3353,2021-01-21_21:01:37,2021-01-21_21:11:37,nikoraehu
3357,2021-01-21_21:01:37,2021-01-21_21:11:37,tairaidesuyo
3360,2021-01-21_21:01:37,2021-01-21_21:11:37,kMaskPro
3367,2021-01-21_21:01:37,2021-01-21_21:11:37,Taishi_Engineer
3383,2021-01-21_21:01:37,2021-01-21_21:11:37,ruby_i7
3397,2021-01-21_20:51:37,2021-01-21_21:01:37,nikkei_software
3402,2021-01-21_20:51:37,2021-01-21_21:01:37,renkahasunogi
3407,2021-01-21_20:51:37,2021-01-21_21:01:37,rotomx
3415,2021-01-21_20:51:37,2021-01-21_21:01:37,Firstseason5
3418,2021-01-21_20:51:37,2021-01-21_21:01:37,chikunii001
3420,2021-01-21_20:51:37,2021-01-21_21:01:37,Bloody_Ruby
3422,2021-01-21_20:51:37,2021-01-21_21:01:37,Riyumayana
3423,2021-01-21_20:51:37,2021-01-21_21:01:37,iazr9vP32vRYF7G
3432,2021-01-21_20:51:37,2021-01-21_21:01:37,6FfGjojd82YoaHr
3433,2021-01-21_20:51:37,2021-01-21_21:01:37,Holymg1
3434,2021-01-21_20:51:37,2021-01-21_21:01:37,amane_ruby
3442,2021-01-21_20:51:37,2021-01-21_21:01:37,Ruby_GM_idV
3451,2021-01-21_20:51:37,2021-01-21_21:01:37,soraliSys
3454,2021-01-21_20:51:37,2021-01-21_21:01:37,Ti_Ruby_
3455,2021-01-21_20:51:37,2021-01-21_21:01:37,a_know
3458,2021-01-21_20:51:37,2021-01-21_21:01:37,yoskeoka
3459,2021-01-21_20:51:37,2021-01-21_21:01:37,becolomochi
3461,2021-01-21_20:51:37,2021-01-21_21:01:37,0303_kina
3467,2021-01-21_20:51:37,2021-01-21_21:01:37,kouji1137
3475,2021-01-21_20:51:37,2021-01-21_21:01:37,ruby_yamta
3483,2021-01-21_20:51:37,2021-01-21_21:01:37,Biscuit_2931
3486,2021-01-21_20:51:37,2021-01-21_21:01:37,EDWPasS
3494,2021-01-21_20:41:37,2021-01-21_20:51:37,ichi_ruby
3505,2021-01-21_20:41:37,2021-01-21_20:51:37,YOSHINO_i_YT
3510,2021-01-21_20:41:37,2021-01-21_20:51:37,Akira19522890
3517,2021-01-21_20:41:37,2021-01-21_20:51:37,DatA3005
3520,2021-01-21_20:41:37,2021-01-21_20:51:37,jendeuki__ruby
3522,2021-01-21_20:41:37,2021-01-21_20:51:37,Ruby_mamoru
3528,2021-01-21_20:41:37,2021-01-21_20:51:37,koko02240604
3536,2021-01-21_20:41:37,2021-01-21_20:51:37,ujimaru0000
3537,2021-01-21_20:41:37,2021-01-21_20:51:37,ruby_kol
3543,2021-01-21_20:41:37,2021-01-21_20:51:37,mi_sable
3544,2021-01-21_20:41:37,2021-01-21_20:51:37,magischbrot
3549,2021-01-21_20:41:37,2021-01-21_20:51:37,VBkvaOV7XUjPYo0
3550,2021-01-21_20:41:37,2021-01-21_20:51:37,ruby_chi_sary
3557,2021-01-21_20:31:37,2021-01-21_20:41:37,Ryoma0509_Ruby
3558,2021-01-21_20:31:37,2021-01-21_20:41:37,ruby_share
3562,2021-01-21_20:31:37,2021-01-21_20:41:37,Ruby__kotori
3564,2021-01-21_20:31:37,2021-01-21_20:41:37,Ruby_syake
3567,2021-01-21_20:31:37,2021-01-21_20:41:37,SSR31_jensaid
3571,2021-01-21_20:31:37,2021-01-21_20:41:37,ruby_mi24
3578,2021-01-21_20:31:37,2021-01-21_20:41:37,XkEL7NiSXE795tS
3580,2021-01-21_20:31:37,2021-01-21_20:41:37,bnr32_ruby
3588,2021-01-21_20:31:37,2021-01-21_20:41:37,asakura_takuya
3594,2021-01-21_20:31:37,2021-01-21_20:41:37,MogeKalium
3597,2021-01-21_20:31:37,2021-01-21_20:41:37,Ruby_Scarlet777
3600,2021-01-21_20:31:37,2021-01-21_20:41:37,pmpmpurinsama
3602,2021-01-21_20:31:37,2021-01-21_20:41:37,iPod_of_Mine
3608,2021-01-21_20:31:37,2021-01-21_20:41:37,SShiou222
3609,2021-01-21_20:31:37,2021-01-21_20:41:37,daiki_daidaiii
3613,2021-01-21_20:31:37,2021-01-21_20:41:37,IamHitler1945
3618,2021-01-21_20:31:37,2021-01-21_20:41:37,Ruby_spoon
3619,2021-01-21_20:31:37,2021-01-21_20:41:37,shunichikawa7
3621,2021-01-21_20:31:37,2021-01-21_20:41:37,e_latale0123
3623,2021-01-21_20:31:37,2021-01-21_20:41:37,hanamaru_ruby
3624,2021-01-21_20:31:37,2021-01-21_20:41:37,mikumikufigures
3634,2021-01-21_20:31:37,2021-01-21_20:41:37,maimi050513
3638,2021-01-21_20:31:37,2021-01-21_20:41:37,htr_ruby
3643,2021-01-21_20:21:37,2021-01-21_20:31:37,Ciel_Night_7
3644,2021-01-21_20:21:37,2021-01-21_20:31:37,yoha_713_yoshi
3645,2021-01-21_20:21:37,2021-01-21_20:31:37,yusukeogasawala
3648,2021-01-21_20:21:37,2021-01-21_20:31:37,sound_Bisikima
3651,2021-01-21_20:21:37,2021-01-21_20:31:37,ami00423207
3652,2021-01-21_20:21:37,2021-01-21_20:31:37,BPshikakatan
3654,2021-01-21_20:21:37,2021-01-21_20:31:37,AKIRASHINMEI02
3657,2021-01-21_20:21:37,2021-01-21_20:31:37,free_world21
3663,2021-01-21_20:21:37,2021-01-21_20:31:37,WitcheeeS5
3670,2021-01-21_20:21:37,2021-01-21_20:31:37,LnG_5049
3672,2021-01-21_20:21:37,2021-01-21_20:31:37,tomo_FF_fan
3677,2021-01-21_20:21:37,2021-01-21_20:31:37,Ruby_exo_weare1
3681,2021-01-21_20:21:37,2021-01-21_20:31:37,ayumnote_enl
3691,2021-01-21_20:21:37,2021-01-21_20:31:37,kuonyuka
3693,2021-01-21_20:21:37,2021-01-21_20:31:37,MzRyuKa
3699,2021-01-21_20:21:37,2021-01-21_20:31:37,sho_nozoeri
3701,2021-01-21_20:21:37,2021-01-21_20:31:37,suiren_IRIAM
3714,2021-01-21_20:11:37,2021-01-21_20:21:37,kiumihinato
3719,2021-01-21_20:11:37,2021-01-21_20:21:37,Ruby_ixora
3721,2021-01-21_20:11:37,2021-01-21_20:21:37,amatsuki_ruby
3727,2021-01-21_20:11:37,2021-01-21_20:21:37,yamikishibotti
3731,2021-01-21_20:11:37,2021-01-21_20:21:37,ex_c0
3733,2021-01-21_20:11:37,2021-01-21_20:21:37,yotogikun
3746,2021-01-21_20:11:37,2021-01-21_20:21:37,ruby_ruddy_
3748,2021-01-21_20:11:37,2021-01-21_20:21:37,oruzitte
3749,2021-01-21_20:11:37,2021-01-21_20:21:37,nomutanchannel
3753,2021-01-21_20:11:37,2021-01-21_20:21:37,n28417
3757,2021-01-21_20:11:37,2021-01-21_20:21:37,hand__4_
3759,2021-01-21_20:11:37,2021-01-21_20:21:37,Akiba_108
3762,2021-01-21_20:11:37,2021-01-21_20:21:37,Pomu_Maru0304
3765,2021-01-21_20:11:37,2021-01-21_20:21:37,makotos35
3768,2021-01-21_20:11:37,2021-01-21_20:21:37,EllEllELD
3773,2021-01-21_20:11:37,2021-01-21_20:21:37,prumDQ
3775,2021-01-21_20:11:37,2021-01-21_20:21:37,romeo20200606
3782,2021-01-21_20:11:37,2021-01-21_20:21:37,ruby_syakengisi
3785,2021-01-21_20:11:37,2021-01-21_20:21:37,kondoujp
3786,2021-01-21_20:11:37,2021-01-21_20:21:37,_YOSHIYU_DOUMIN
3789,2021-01-21_20:11:37,2021-01-21_20:21:37,Kana_tiruno
3795,2021-01-21_20:11:37,2021-01-21_20:21:37,wachio1231
3796,2021-01-21_20:11:37,2021-01-21_20:21:37,Ruby_Rin_1104
3798,2021-01-21_20:11:37,2021-01-21_20:21:37,PulkinieParco
3808,2021-01-21_20:01:37,2021-01-21_20:11:37,ogajet_sub
3813,2021-01-21_20:01:37,2021-01-21_20:11:37,hibiki_1132Love
3821,2021-01-21_20:01:37,2021-01-21_20:11:37,ruby_yomakami
3823,2021-01-21_20:01:37,2021-01-21_20:11:37,ch96966087
3824,2021-01-21_20:01:37,2021-01-21_20:11:37,Ruby21671615
3825,2021-01-21_20:01:37,2021-01-21_20:11:37,nagachika
3841,2021-01-21_20:01:37,2021-01-21_20:11:37,xektar_splat
3848,2021-01-21_19:51:37,2021-01-21_20:01:37,kosokuna_ruby
3849,2021-01-21_19:51:37,2021-01-21_20:01:37,cottowill
3851,2021-01-21_19:51:37,2021-01-21_20:01:37,Xiepunpun
3856,2021-01-21_19:51:37,2021-01-21_20:01:37,aina_1405
3859,2021-01-21_19:51:37,2021-01-21_20:01:37,RightsPR
3860,2021-01-21_19:51:37,2021-01-21_20:01:37,prince1969i
3867,2021-01-21_19:51:37,2021-01-21_20:01:37,uyumilk0912
3872,2021-01-21_19:51:37,2021-01-21_20:01:37,aomine_saegusa
3873,2021-01-21_19:51:37,2021-01-21_20:01:37,ruby_8990
3874,2021-01-21_19:51:37,2021-01-21_20:01:37,jnBJvbyD2zpEnsy
3875,2021-01-21_19:51:37,2021-01-21_20:01:37,mozuku123456781
3876,2021-01-21_19:51:37,2021-01-21_20:01:37,sR_xiv55
3880,2021-01-21_19:51:37,2021-01-21_20:01:37,__Lat_e
3884,2021-01-21_19:51:37,2021-01-21_20:01:37,RlJLbm0yccr5oyV
3887,2021-01-21_19:51:37,2021-01-21_20:01:37,Weide_off
3890,2021-01-21_19:51:37,2021-01-21_20:01:37,yamaday0u
3892,2021-01-21_19:51:37,2021-01-21_20:01:37,teaandsalt
3895,2021-01-21_19:51:37,2021-01-21_20:01:37,shiropuro11
3900,2021-01-21_19:51:37,2021-01-21_20:01:37,tele1962
3901,2021-01-21_19:41:37,2021-01-21_19:51:37,zeNon_projectLW
3902,2021-01-21_19:41:37,2021-01-21_19:51:37,eri_piyo_0224
3903,2021-01-21_19:41:37,2021-01-21_19:51:37,ruby_sae
3905,2021-01-21_19:41:37,2021-01-21_19:51:37,pero3115x
3910,2021-01-21_19:41:37,2021-01-21_19:51:37,ruby_2098
3913,2021-01-21_19:41:37,2021-01-21_19:51:37,180sxloveChako
3920,2021-01-21_19:41:37,2021-01-21_19:51:37,AwesomeArsAcad
3929,2021-01-21_19:41:37,2021-01-21_19:51:37,nao0724n1
3954,2021-01-21_19:31:37,2021-01-21_19:41:37,sahakiki
3962,2021-01-21_19:31:37,2021-01-21_19:41:37,eirinai_917
3970,2021-01-21_19:31:37,2021-01-21_19:41:37,tomcky_san
3971,2021-01-21_19:31:37,2021-01-21_19:41:37,anri_learning
3973,2021-01-21_19:31:37,2021-01-21_19:41:37,ScheherazadeAUC
3974,2021-01-21_19:31:37,2021-01-21_19:41:37,pKa_tpm80
3980,2021-01-21_19:31:37,2021-01-21_19:41:37,T_L_M_Sebastian
3981,2021-01-21_19:31:37,2021-01-21_19:41:37,Ruby__kn
3986,2021-01-21_19:31:37,2021-01-21_19:41:37,FLOATIN0217
3995,2021-01-21_19:31:37,2021-01-21_19:41:37,rinhana_kana
4002,2021-01-21_19:31:37,2021-01-21_19:41:37,100DaysOf2020
4007,2021-01-21_19:31:37,2021-01-21_19:41:37,eleki1152
4011,2021-01-21_19:31:37,2021-01-21_19:41:37,U_ruby_K
4012,2021-01-21_19:31:37,2021-01-21_19:41:37,HaruMaki_ug
4015,2021-01-21_19:31:37,2021-01-21_19:41:37,friday_Js_bot
4018,2021-01-21_19:31:37,2021-01-21_19:41:37,IT61784651
4021,2021-01-21_19:31:37,2021-01-21_19:41:37,FUMI_KU
4022,2021-01-21_19:31:37,2021-01-21_19:41:37,HMBC_tw
4026,2021-01-21_19:21:37,2021-01-21_19:31:37,Ruby__Tuesday__
4028,2021-01-21_19:21:37,2021-01-21_19:31:37,googleaws
4029,2021-01-21_19:21:37,2021-01-21_19:31:37,ruby_xoxo_
4030,2021-01-21_19:21:37,2021-01-21_19:31:37,paisen77
4031,2021-01-21_19:21:37,2021-01-21_19:31:37,yyamada
4039,2021-01-21_19:21:37,2021-01-21_19:31:37,1_4_onpu
4041,2021-01-21_19:21:37,2021-01-21_19:31:37,ruby_sabaguda_
4051,2021-01-21_19:21:37,2021-01-21_19:31:37,techpit_jp
4053,2021-01-21_19:21:37,2021-01-21_19:31:37,se_mg_
4054,2021-01-21_19:21:37,2021-01-21_19:31:37,_moonand_sun_
4058,2021-01-21_19:21:37,2021-01-21_19:31:37,__Rur10
4060,2021-01-21_19:21:37,2021-01-21_19:31:37,tiki_n0314
4062,2021-01-21_19:21:37,2021-01-21_19:31:37,riko0919God
4065,2021-01-21_19:21:37,2021-01-21_19:31:37,coe401_
4066,2021-01-21_19:21:37,2021-01-21_19:31:37,ashtale_Ruby
4067,2021-01-21_19:21:37,2021-01-21_19:31:37,jajam1n
4068,2021-01-21_19:21:37,2021-01-21_19:31:37,k_co_garupa
4069,2021-01-21_19:21:37,2021-01-21_19:31:37,FShFqycktM32Ix9
4071,2021-01-21_19:21:37,2021-01-21_19:31:37,__Resm
4074,2021-01-21_19:21:37,2021-01-21_19:31:37,furirin__ruby
4078,2021-01-21_19:21:37,2021-01-21_19:31:37,guchi_ruby
4079,2021-01-21_19:21:37,2021-01-21_19:31:37,rntk2906
4081,2021-01-21_19:21:37,2021-01-21_19:31:37,rinrinyosoro_
4083,2021-01-21_19:21:37,2021-01-21_19:31:37,paris_welch
4087,2021-01-21_19:21:37,2021-01-21_19:31:37,fujita_0000
4090,2021-01-21_19:21:37,2021-01-21_19:31:37,ruby_raibu
4093,2021-01-21_19:21:37,2021-01-21_19:31:37,ruby_MHiceborn
4098,2021-01-21_19:11:37,2021-01-21_19:21:37,caine_ruby
4107,2021-01-21_19:11:37,2021-01-21_19:21:37,ruby_0217_I
4114,2021-01-21_19:11:37,2021-01-21_19:21:37,kingdao1215
4121,2021-01-21_19:11:37,2021-01-21_19:21:37,ruby_795
4127,2021-01-21_19:11:37,2021-01-21_19:21:37,imakokobkt
4131,2021-01-21_19:11:37,2021-01-21_19:21:37,Yuua__1219
4133,2021-01-21_19:11:37,2021-01-21_19:21:37,ulmeme
4135,2021-01-21_19:11:37,2021-01-21_19:21:37,37to2
4146,2021-01-21_19:11:37,2021-01-21_19:21:37,tmd45
4149,2021-01-21_19:11:37,2021-01-21_19:21:37,LingWebs
4158,2021-01-21_19:01:37,2021-01-21_19:11:37,KEI_Sauna
4167,2021-01-21_19:01:37,2021-01-21_19:11:37,ruby_yaan
4170,2021-01-21_19:01:37,2021-01-21_19:11:37,vFp14ZMBTm35s6n
4171,2021-01-21_19:01:37,2021-01-21_19:11:37,KR4450
4172,2021-01-21_19:01:37,2021-01-21_19:11:37,masahiroDIARY
4180,2021-01-21_19:01:37,2021-01-21_19:11:37,CBcloud_career
4184,2021-01-21_19:01:37,2021-01-21_19:11:37,xMcy0
4185,2021-01-21_19:01:37,2021-01-21_19:11:37,akatsuki_VR
4206,2021-01-21_19:01:37,2021-01-21_19:11:37,okome__peppe
4209,2021-01-21_19:01:37,2021-01-21_19:11:37,blueflower_0722
4214,2021-01-21_19:01:37,2021-01-21_19:11:37,xxxxmaitanxxxx
4221,2021-01-21_19:01:37,2021-01-21_19:11:37,ahamo_official
4222,2021-01-21_19:01:37,2021-01-21_19:11:37,ruby_green
4224,2021-01-21_18:51:37,2021-01-21_19:01:37,nogi__Rena46
4225,2021-01-21_18:51:37,2021-01-21_19:01:37,tmiki74306808
4229,2021-01-21_18:51:37,2021-01-21_19:01:37,Minette_Gate
4232,2021-01-21_18:51:37,2021-01-21_19:01:37,2133_chika
4239,2021-01-21_18:51:37,2021-01-21_19:01:37,3zTbMJmJr9NE5Ra
4250,2021-01-21_18:51:37,2021-01-21_19:01:37,kazu_1102_pipt
4251,2021-01-21_18:51:37,2021-01-21_19:01:37,pzdpXtvHKZNywRH
4253,2021-01-21_18:51:37,2021-01-21_19:01:37,RUBY_GLORIAS
4257,2021-01-21_18:51:37,2021-01-21_19:01:37,f_fwl
4258,2021-01-21_18:51:37,2021-01-21_19:01:37,nukonikiyan
4265,2021-01-21_18:51:37,2021-01-21_19:01:37,sakuno_ruby
4267,2021-01-21_18:51:37,2021-01-21_19:01:37,Ruby_Brt
4288,2021-01-21_18:41:37,2021-01-21_18:51:37,ruby_machida
4289,2021-01-21_18:41:37,2021-01-21_18:51:37,yukiwo823
4293,2021-01-21_18:41:37,2021-01-21_18:51:37,DPGXMURnq9qV6vh
4296,2021-01-21_18:41:37,2021-01-21_18:51:37,Ruby_atumori
4305,2021-01-21_18:41:37,2021-01-21_18:51:37,a7018083aBlack
4308,2021-01-21_18:41:37,2021-01-21_18:51:37,arus_dq10_
4309,2021-01-21_18:41:37,2021-01-21_18:51:37,codenote_net
4320,2021-01-21_18:41:37,2021-01-21_18:51:37,lapis_ruby
4322,2021-01-21_18:41:37,2021-01-21_18:51:37,ynndino88
4325,2021-01-21_18:41:37,2021-01-21_18:51:37,moerinu1119
4333,2021-01-21_18:41:37,2021-01-21_18:51:37,gmm_tea
4339,2021-01-21_18:31:37,2021-01-21_18:41:37,ruby_niconiii
4340,2021-01-21_18:31:37,2021-01-21_18:41:37,yuki_nz88
4349,2021-01-21_18:31:37,2021-01-21_18:41:37,yodev21
4355,2021-01-21_18:31:37,2021-01-21_18:41:37,tapmjpmwj
4356,2021-01-21_18:31:37,2021-01-21_18:41:37,moon_puccarian
4357,2021-01-21_18:31:37,2021-01-21_18:41:37,3emon
4360,2021-01-21_18:31:37,2021-01-21_18:41:37,kakudaisuke
4367,2021-01-21_18:31:37,2021-01-21_18:41:37,hiroyky
4368,2021-01-21_18:31:37,2021-01-21_18:41:37,kk__TuT
4369,2021-01-21_18:31:37,2021-01-21_18:41:37,judas_dqlal
4371,2021-01-21_18:31:37,2021-01-21_18:41:37,sayaka_d828
4372,2021-01-21_18:31:37,2021-01-21_18:41:37,naritancorp
4377,2021-01-21_18:31:37,2021-01-21_18:41:37,Niko_Ruby_0514
4379,2021-01-21_18:31:37,2021-01-21_18:41:37,ayumiko
4380,2021-01-21_18:31:37,2021-01-21_18:41:37,_tjinjin_
4386,2021-01-21_18:31:37,2021-01-21_18:41:37,KFC_jp
4390,2021-01-21_18:21:37,2021-01-21_18:31:37,law_dgryamaneco
4392,2021-01-21_18:21:37,2021-01-21_18:31:37,OhDON1919
4393,2021-01-21_18:21:37,2021-01-21_18:31:37,hoppiestar
4397,2021-01-21_18:21:37,2021-01-21_18:31:37,girlstalksocial
4400,2021-01-21_18:21:37,2021-01-21_18:31:37,Ruby_DQ
4401,2021-01-21_18:21:37,2021-01-21_18:31:37,qd_ruby
4407,2021-01-21_18:21:37,2021-01-21_18:31:37,harumi_luz_
4412,2021-01-21_18:21:37,2021-01-21_18:31:37,tangent_sign
4414,2021-01-21_18:21:37,2021-01-21_18:31:37,yggpippi
4422,2021-01-21_18:21:37,2021-01-21_18:31:37,subsclivejp
4423,2021-01-21_18:21:37,2021-01-21_18:31:37,eguchi2020
4430,2021-01-21_18:21:37,2021-01-21_18:31:37,BOTshinsaibashi
4433,2021-01-21_18:21:37,2021-01-21_18:31:37,P__Ruby
4435,2021-01-21_18:21:37,2021-01-21_18:31:37,90320z
4440,2021-01-21_18:21:37,2021-01-21_18:31:37,joriri883
4447,2021-01-21_18:11:37,2021-01-21_18:21:37,sonitan_etolog
4448,2021-01-21_18:11:37,2021-01-21_18:21:37,ruby_crvt
4449,2021-01-21_18:11:37,2021-01-21_18:21:37,aku0912_minami
4450,2021-01-21_18:11:37,2021-01-21_18:21:37,fiveccentrics
4457,2021-01-21_18:11:37,2021-01-21_18:21:37,jyosyomihama
4461,2021-01-21_18:11:37,2021-01-21_18:21:37,AOS_Daisy_Ruby
4480,2021-01-21_18:11:37,2021-01-21_18:21:37,makibinn3585
4510,2021-01-21_18:01:37,2021-01-21_18:11:37,prn28_pubg
4511,2021-01-21_18:01:37,2021-01-21_18:11:37,kumagorosan_
4515,2021-01-21_18:01:37,2021-01-21_18:11:37,ruby_hollyhock
4530,2021-01-21_18:01:37,2021-01-21_18:11:37,Relife_Ren
4532,2021-01-21_18:01:37,2021-01-21_18:11:37,ten_forward
4537,2021-01-21_18:01:37,2021-01-21_18:11:37,chirori_rui
4538,2021-01-21_18:01:37,2021-01-21_18:11:37,KaitouMomo
4539,2021-01-21_18:01:37,2021-01-21_18:11:37,floatzel_chika_
4540,2021-01-21_18:01:37,2021-01-21_18:11:37,ruby_and_sleepy
4546,2021-01-21_18:01:37,2021-01-21_18:11:37,karinrin2525212
4555,2021-01-21_18:01:37,2021-01-21_18:11:37,0702296a
4564,2021-01-21_18:01:37,2021-01-21_18:11:37,yes_tamaki
4566,2021-01-21_18:01:37,2021-01-21_18:11:37,SatoAya_daze
4575,2021-01-21_18:01:37,2021-01-21_18:11:37,ruby_ixchel
4588,2021-01-21_17:51:37,2021-01-21_18:01:37,Ruby_Brave_3
4598,2021-01-21_17:51:37,2021-01-21_18:01:37,func_hs
4599,2021-01-21_17:51:37,2021-01-21_18:01:37,kosaki55tea
4603,2021-01-21_17:51:37,2021-01-21_18:01:37,Ganba_ruby_dia
4609,2021-01-21_17:51:37,2021-01-21_18:01:37,7CydzFp7PaFtep0
4613,2021-01-21_17:51:37,2021-01-21_18:01:37,traveruby
4614,2021-01-21_17:51:37,2021-01-21_18:01:37,akimicyu
4615,2021-01-21_17:51:37,2021-01-21_18:01:37,ruby_eye_maou
4620,2021-01-21_17:51:37,2021-01-21_18:01:37,neoantenna
4623,2021-01-21_17:51:37,2021-01-21_18:01:37,SonrisaYoshida
4624,2021-01-21_17:51:37,2021-01-21_18:01:37,spsp_ryokun
4627,2021-01-21_17:51:37,2021-01-21_18:01:37,Vabo_7
4630,2021-01-21_17:51:37,2021-01-21_18:01:37,Ruby_B14
4631,2021-01-21_17:51:37,2021-01-21_18:01:37,TOMATOTTo810
4632,2021-01-21_17:51:37,2021-01-21_18:01:37,rosefrosti
4638,2021-01-21_17:51:37,2021-01-21_18:01:37,fuchu_kbd
4639,2021-01-21_17:51:37,2021-01-21_18:01:37,fourgetinohuton
4649,2021-01-21_17:41:37,2021-01-21_17:51:37,ta_i_si_ro_u_3
4650,2021-01-21_17:41:37,2021-01-21_17:51:37,mamemame_kn
4653,2021-01-21_17:41:37,2021-01-21_17:51:37,oscillo_hero
4657,2021-01-21_17:41:37,2021-01-21_17:51:37,sonrisahy
4660,2021-01-21_17:41:37,2021-01-21_17:51:37,NENE_RUBY_10
4665,2021-01-21_17:41:37,2021-01-21_17:51:37,paruru_nanase
4672,2021-01-21_17:41:37,2021-01-21_17:51:37,EREFY
4673,2021-01-21_17:41:37,2021-01-21_17:51:37,cpsunny0628
4675,2021-01-21_17:41:37,2021-01-21_17:51:37,ruby_ruby200023
4680,2021-01-21_17:41:37,2021-01-21_17:51:37,suzukyonkyon
4684,2021-01-21_17:41:37,2021-01-21_17:51:37,Kz7_suzu
4696,2021-01-21_17:41:37,2021-01-21_17:51:37,FreeeRoom
4701,2021-01-21_17:31:37,2021-01-21_17:41:37,bonten_marumaru
4703,2021-01-21_17:31:37,2021-01-21_17:41:37,3zTz7m
4704,2021-01-21_17:31:37,2021-01-21_17:41:37,yossyvape80
4708,2021-01-21_17:31:37,2021-01-21_17:41:37,rippiEMTN_jak
4709,2021-01-21_17:31:37,2021-01-21_17:41:37,nasum360
4712,2021-01-21_17:31:37,2021-01-21_17:41:37,_HrsUed
4715,2021-01-21_17:31:37,2021-01-21_17:41:37,diarahjohn
4718,2021-01-21_17:31:37,2021-01-21_17:41:37,nipponia8
4723,2021-01-21_17:31:37,2021-01-21_17:41:37,lunaxxsacredxx
4724,2021-01-21_17:31:37,2021-01-21_17:41:37,erieritika3
4727,2021-01-21_17:31:37,2021-01-21_17:41:37,fulwill0611SES
4732,2021-01-21_17:31:37,2021-01-21_17:41:37,taketake1006
4734,2021-01-21_17:31:37,2021-01-21_17:41:37,Ch_1012
4737,2021-01-21_17:31:37,2021-01-21_17:41:37,westlife_blue
4745,2021-01-21_17:31:37,2021-01-21_17:41:37,yui_naitou
4746,2021-01-21_17:31:37,2021-01-21_17:41:37,shinra_azu
4748,2021-01-21_17:31:37,2021-01-21_17:41:37,otani_ldk
4751,2021-01-21_17:21:37,2021-01-21_17:31:37,wata___09
4754,2021-01-21_17:21:37,2021-01-21_17:31:37,DRVO_Project
4763,2021-01-21_17:21:37,2021-01-21_17:31:37,takashi09695645
4764,2021-01-21_17:21:37,2021-01-21_17:31:37,patorash
4769,2021-01-21_17:21:37,2021-01-21_17:31:37,umeda_ShangriLa
4770,2021-01-21_17:21:37,2021-01-21_17:31:37,grandsymphony2
4777,2021-01-21_17:21:37,2021-01-21_17:31:37,tyomo33
4783,2021-01-21_17:21:37,2021-01-21_17:31:37,mugi8747
4784,2021-01-21_17:21:37,2021-01-21_17:31:37,Sakurauchi_mine
4788,2021-01-21_17:21:37,2021-01-21_17:31:37,romeo_X_sneaker
4791,2021-01-21_17:21:37,2021-01-21_17:31:37,Eri_koriki_1007
4792,2021-01-21_17:21:37,2021-01-21_17:31:37,Rox_aka_Suok
4799,2021-01-21_17:21:37,2021-01-21_17:31:37,69nana1
4805,2021-01-21_17:21:37,2021-01-21_17:31:37,kikuzuki_kutiku
4807,2021-01-21_17:21:37,2021-01-21_17:31:37,nanimono0308
4811,2021-01-21_17:21:37,2021-01-21_17:31:37,2r_z3
4828,2021-01-21_17:21:37,2021-01-21_17:31:37,bonresvape1
4831,2021-01-21_17:21:37,2021-01-21_17:31:37,po2po2
4838,2021-01-21_17:11:37,2021-01-21_17:21:37,RiderArisa
4842,2021-01-21_17:11:37,2021-01-21_17:21:37,yumikoy
4843,2021-01-21_17:11:37,2021-01-21_17:21:37,Yon_kouya04
4851,2021-01-21_17:11:37,2021-01-21_17:21:37,hourlynatsume
4868,2021-01-21_17:11:37,2021-01-21_17:21:37,Muginano_
4871,2021-01-21_17:11:37,2021-01-21_17:21:37,kkkkk06060606
4872,2021-01-21_17:11:37,2021-01-21_17:21:37,Tobu_51074F
4875,2021-01-21_17:11:37,2021-01-21_17:21:37,muto__t
4880,2021-01-21_17:11:37,2021-01-21_17:21:37,YHOARASHI
4882,2021-01-21_17:11:37,2021-01-21_17:21:37,u_ka24mps
4894,2021-01-21_17:01:37,2021-01-21_17:11:37,ochanoma3
4897,2021-01-21_17:01:37,2021-01-21_17:11:37,ruby_Chili
4906,2021-01-21_17:01:37,2021-01-21_17:11:37,Ruby_Ria_Chika
4920,2021-01-21_17:01:37,2021-01-21_17:11:37,k_b3k
4922,2021-01-21_17:01:37,2021-01-21_17:11:37,zeero
4927,2021-01-21_17:01:37,2021-01-21_17:11:37,hemmi_engineer
4933,2021-01-21_16:51:37,2021-01-21_17:01:37,honononono0710
4938,2021-01-21_16:51:37,2021-01-21_17:01:37,yamamao2012
4942,2021-01-21_16:51:37,2021-01-21_17:01:37,3ReR2qqnEoOehMN
4945,2021-01-21_16:51:37,2021-01-21_17:01:37,let_constant
4948,2021-01-21_16:51:37,2021-01-21_17:01:37,PREMOA_STAFF
4953,2021-01-21_16:51:37,2021-01-21_17:01:37,yuitanyuitan12
4954,2021-01-21_16:51:37,2021-01-21_17:01:37,ShrimpOxO
4956,2021-01-21_16:51:37,2021-01-21_17:01:37,Pd_hiroKUN
4958,2021-01-21_16:51:37,2021-01-21_17:01:37,hoppebtbt1
4960,2021-01-21_16:41:37,2021-01-21_16:51:37,ruby_koto
4964,2021-01-21_16:41:37,2021-01-21_16:51:37,Zerotsu16
4965,2021-01-21_16:41:37,2021-01-21_16:51:37,SUNEGE6p
4966,2021-01-21_16:41:37,2021-01-21_16:51:37,ruby_yukika
4968,2021-01-21_16:41:37,2021-01-21_16:51:37,ts7i
4969,2021-01-21_16:41:37,2021-01-21_16:51:37,Yousan
4971,2021-01-21_16:41:37,2021-01-21_16:51:37,ruby_whale_LLS
4974,2021-01-21_16:41:37,2021-01-21_16:51:37,nono28219986
4976,2021-01-21_16:41:37,2021-01-21_16:51:37,ruby_Okelly
4978,2021-01-21_16:41:37,2021-01-21_16:51:37,poke_times_cp
4985,2021-01-21_16:41:37,2021-01-21_16:51:37,micron_14oimo
4989,2021-01-21_16:41:37,2021-01-21_16:51:37,wonder_club_wlw
4990,2021-01-21_16:41:37,2021-01-21_16:51:37,mirin_kyanyoha
5015,2021-01-21_16:31:37,2021-01-21_16:41:37,chanaL1222
5022,2021-01-21_16:31:37,2021-01-21_16:41:37,BClan_Fortnite
5023,2021-01-21_16:31:37,2021-01-21_16:41:37,tomutinmotimoti
5052,2021-01-21_16:21:37,2021-01-21_16:31:37,Zura_Kuninaga
5057,2021-01-21_16:21:37,2021-01-21_16:31:37,sug1t0m0_agrict
5059,2021-01-21_16:21:37,2021-01-21_16:31:37,Ruby_switch145
5072,2021-01-21_16:21:37,2021-01-21_16:31:37,SuperMiru_chan
5082,2021-01-21_16:21:37,2021-01-21_16:31:37,_Re08_
5086,2021-01-21_16:11:37,2021-01-21_16:21:37,NAKANOITUKIGOD
5089,2021-01-21_16:11:37,2021-01-21_16:21:37,MisakaIndex4325
5096,2021-01-21_16:11:37,2021-01-21_16:21:37,GOETAN_GOETAN
5098,2021-01-21_16:11:37,2021-01-21_16:21:37,Dewloren_crash
5100,2021-01-21_16:11:37,2021-01-21_16:21:37,redxyz_
5116,2021-01-21_16:11:37,2021-01-21_16:21:37,hitsu_ruby
5117,2021-01-21_16:11:37,2021-01-21_16:21:37,studio_ruby
5137,2021-01-21_16:11:37,2021-01-21_16:21:37,ngmgr__
5145,2021-01-21_16:01:37,2021-01-21_16:11:37,masaya0525_
5170,2021-01-21_16:01:37,2021-01-21_16:11:37,nnsn_luma
5173,2021-01-21_16:01:37,2021-01-21_16:11:37,hikaru_skrmnln
5185,2021-01-21_15:51:37,2021-01-21_16:01:37,D9015Tulyar
5190,2021-01-21_15:51:37,2021-01-21_16:01:37,trusts86791948
5192,2021-01-21_15:51:37,2021-01-21_16:01:37,tatusan915
5202,2021-01-21_15:51:37,2021-01-21_16:01:37,p_manp_manp_man
5204,2021-01-21_15:51:37,2021-01-21_16:01:37,conny_konny0409
5217,2021-01-21_15:51:37,2021-01-21_16:01:37,150cmO8O8
5231,2021-01-21_15:41:37,2021-01-21_15:51:37,iramotij
5239,2021-01-21_15:41:37,2021-01-21_15:51:37,EngineerMirai
5242,2021-01-21_15:41:37,2021-01-21_15:51:37,04SRCvzUPsUAZOZ
5249,2021-01-21_15:41:37,2021-01-21_15:51:37,minnie08021
5250,2021-01-21_15:41:37,2021-01-21_15:51:37,arabiki7022
5264,2021-01-21_15:41:37,2021-01-21_15:51:37,KoumeiHashimoto
5271,2021-01-21_15:31:37,2021-01-21_15:41:37,renjikari
5272,2021-01-21_15:31:37,2021-01-21_15:41:37,Masaki_Ruby
5274,2021-01-21_15:31:37,2021-01-21_15:41:37,ruby_liao_215
5280,2021-01-21_15:31:37,2021-01-21_15:41:37,rubicle_bot
5286,2021-01-21_15:31:37,2021-01-21_15:41:37,d0zero2
5288,2021-01-21_15:31:37,2021-01-21_15:41:37,Amothic
5292,2021-01-21_15:31:37,2021-01-21_15:41:37,mittan506
5305,2021-01-21_15:31:37,2021-01-21_15:41:37,MaimaiChunithm
5312,2021-01-21_15:21:37,2021-01-21_15:31:37,sae_maruyo
5316,2021-01-21_15:21:37,2021-01-21_15:31:37,1215_ruby
5320,2021-01-21_15:21:37,2021-01-21_15:31:37,noras1ba
5321,2021-01-21_15:21:37,2021-01-21_15:31:37,kanan_5820
5327,2021-01-21_15:21:37,2021-01-21_15:31:37,vetlanprogramer
5332,2021-01-21_15:21:37,2021-01-21_15:31:37,DC183_261
5334,2021-01-21_15:11:37,2021-01-21_15:21:37,kOV35LGd53X2rb3
5335,2021-01-21_15:11:37,2021-01-21_15:21:37,macaSAMURAI
5337,2021-01-21_15:11:37,2021-01-21_15:21:37,jzrEt1tD92idMd3
5342,2021-01-21_15:11:37,2021-01-21_15:21:37,shimpeiws
5343,2021-01-21_15:11:37,2021-01-21_15:21:37,Pole_Yamashita
5347,2021-01-21_15:11:37,2021-01-21_15:21:37,renfeaves103
5348,2021-01-21_15:11:37,2021-01-21_15:21:37,yonedu114514
5357,2021-01-21_15:11:37,2021-01-21_15:21:37,Yu13_03
5360,2021-01-21_15:11:37,2021-01-21_15:21:37,aira2may
5361,2021-01-21_15:11:37,2021-01-21_15:21:37,bushido_ruby
5364,2021-01-21_15:01:37,2021-01-21_15:11:37,momoko_ruby
5366,2021-01-21_15:01:37,2021-01-21_15:11:37,myonsan_pkbug
5373,2021-01-21_15:01:37,2021-01-21_15:11:37,yuuu1654
5382,2021-01-21_15:01:37,2021-01-21_15:11:37,marix_0408931
5383,2021-01-21_15:01:37,2021-01-21_15:11:37,Michoko0805
5393,2021-01-21_15:01:37,2021-01-21_15:11:37,housefoods_now
5404,2021-01-21_15:01:37,2021-01-21_15:11:37,SAMUKEI
5405,2021-01-21_15:01:37,2021-01-21_15:11:37,kikuchy
5407,2021-01-21_15:01:37,2021-01-21_15:11:37,ledsun
5410,2021-01-21_14:51:37,2021-01-21_15:01:37,BuzzMeme_Sokuho
5412,2021-01-21_14:51:37,2021-01-21_15:01:37,diverseinc_tech
5416,2021-01-21_14:51:37,2021-01-21_15:01:37,shrine73906396
5420,2021-01-21_14:51:37,2021-01-21_15:01:37,_irrgo
5429,2021-01-21_14:51:37,2021-01-21_15:01:37,Revenge_Hina
5451,2021-01-21_14:41:37,2021-01-21_14:51:37,chesuta725
5452,2021-01-21_14:41:37,2021-01-21_14:51:37,akakienaidene
5455,2021-01-21_14:41:37,2021-01-21_14:51:37,t0zxlZXR7LRejKl
5458,2021-01-21_14:41:37,2021-01-21_14:51:37,RAM_ROA_
5461,2021-01-21_14:41:37,2021-01-21_14:51:37,onigiri1208
5463,2021-01-21_14:41:37,2021-01-21_14:51:37,nok_ruby
5471,2021-01-21_14:31:37,2021-01-21_14:41:37,X_U_N_K_N_O_W_N
5485,2021-01-21_14:31:37,2021-01-21_14:41:37,ke_takahashi
5486,2021-01-21_14:31:37,2021-01-21_14:41:37,kei_ruby
5487,2021-01-21_14:31:37,2021-01-21_14:41:37,A94974996
5488,2021-01-21_14:31:37,2021-01-21_14:41:37,XCyNS9dsLcMYKUA
5490,2021-01-21_14:31:37,2021-01-21_14:41:37,NMaru95
5492,2021-01-21_14:31:37,2021-01-21_14:41:37,kohaku_ruby_gd
5496,2021-01-21_14:21:37,2021-01-21_14:31:37,twilight_kirai
5510,2021-01-21_14:21:37,2021-01-21_14:31:37,Tsatuto
5511,2021-01-21_14:21:37,2021-01-21_14:31:37,GoIchi51_AO0113
5518,2021-01-21_14:21:37,2021-01-21_14:31:37,i03nomura1y
5522,2021-01-21_14:21:37,2021-01-21_14:31:37,tomotaka_ruby
5526,2021-01-21_14:21:37,2021-01-21_14:31:37,Rinsaku471
5534,2021-01-21_14:11:37,2021-01-21_14:21:37,Luki_pgmg
5541,2021-01-21_14:11:37,2021-01-21_14:21:37,kuroNeko960605
5542,2021-01-21_14:11:37,2021-01-21_14:21:37,digi_loli
5543,2021-01-21_14:11:37,2021-01-21_14:21:37,tkgling
5545,2021-01-21_14:11:37,2021-01-21_14:21:37,Hanagar__shin
5552,2021-01-21_14:11:37,2021-01-21_14:21:37,BlingBr
5558,2021-01-21_14:11:37,2021-01-21_14:21:37,nameless_gyoza
5561,2021-01-21_14:11:37,2021-01-21_14:21:37,Nemuiinen_
5566,2021-01-21_14:11:37,2021-01-21_14:21:37,ShimojoIwao
5568,2021-01-21_14:01:37,2021-01-21_14:11:37,dagashiLOVE354
5584,2021-01-21_14:01:37,2021-01-21_14:11:37,Nico_Ruby_25921
5590,2021-01-21_14:01:37,2021-01-21_14:11:37,GEPTbroger
5597,2021-01-21_14:01:37,2021-01-21_14:11:37,koala__93
5605,2021-01-21_13:51:37,2021-01-21_14:01:37,shoehead_id
5608,2021-01-21_13:51:37,2021-01-21_14:01:37,freelancetokyo_
5611,2021-01-21_13:51:37,2021-01-21_14:01:37,techacademy
5614,2021-01-21_13:51:37,2021-01-21_14:01:37,yamat47
5617,2021-01-21_13:51:37,2021-01-21_14:01:37,P1Mx_X0X0
5633,2021-01-21_13:51:37,2021-01-21_14:01:37,yonhi_ohana
5644,2021-01-21_13:51:37,2021-01-21_14:01:37,muhuu1031
5650,2021-01-21_13:51:37,2021-01-21_14:01:37,satoyo03104
5652,2021-01-21_13:51:37,2021-01-21_14:01:37,koh_koshikawa
5653,2021-01-21_13:51:37,2021-01-21_14:01:37,gokurakunatenng
5658,2021-01-21_13:51:37,2021-01-21_14:01:37,9bHfAlHjmQrTaMe
5659,2021-01-21_13:51:37,2021-01-21_14:01:37,ruby_urayasu
5660,2021-01-21_13:51:37,2021-01-21_14:01:37,WIEYy7RpKVnaS5P
5661,2021-01-21_13:41:37,2021-01-21_13:51:37,onthefiresuv
5663,2021-01-21_13:41:37,2021-01-21_13:51:37,H9D2urht1ReABbw
5672,2021-01-21_13:41:37,2021-01-21_13:51:37,uni_mc_bot
5677,2021-01-21_13:41:37,2021-01-21_13:51:37,kivatokusari
5679,2021-01-21_13:41:37,2021-01-21_13:51:37,tachikomancom
5694,2021-01-21_13:41:37,2021-01-21_13:51:37,de64430020
5701,2021-01-21_13:41:37,2021-01-21_13:51:37,Yosoromikan3582
5702,2021-01-21_13:31:37,2021-01-21_13:41:37,JUN18695724
5706,2021-01-21_13:31:37,2021-01-21_13:41:37,_RAMBLING_ROSE
5710,2021-01-21_13:31:37,2021-01-21_13:41:37,Twi_Stamp
5711,2021-01-21_13:31:37,2021-01-21_13:41:37,kzlogos
5714,2021-01-21_13:31:37,2021-01-21_13:41:37,punsuka_sukan
5715,2021-01-21_13:31:37,2021-01-21_13:41:37,KOKORO_future
5716,2021-01-21_13:31:37,2021-01-21_13:41:37,ruby_713peko
5717,2021-01-21_13:31:37,2021-01-21_13:41:37,kiFKHr4XxpM9Ge5
5720,2021-01-21_13:31:37,2021-01-21_13:41:37,_roa9
5722,2021-01-21_13:31:37,2021-01-21_13:41:37,naka_aki_spl
5728,2021-01-21_13:31:37,2021-01-21_13:41:37,tok0_0_
5733,2021-01-21_13:31:37,2021-01-21_13:41:37,hpwd218
5739,2021-01-21_13:31:37,2021-01-21_13:41:37,Roadayo____
5740,2021-01-21_13:31:37,2021-01-21_13:41:37,kiicho_oO
5742,2021-01-21_13:31:37,2021-01-21_13:41:37,SansanDSOC
5756,2021-01-21_13:21:37,2021-01-21_13:31:37,ruby_clover
5768,2021-01-21_13:21:37,2021-01-21_13:31:37,k_tanaka_prg
5790,2021-01-21_13:21:37,2021-01-21_13:31:37,Haruchan_7777
5820,2021-01-21_13:21:37,2021-01-21_13:31:37,masa88925378
5821,2021-01-21_13:11:37,2021-01-21_13:21:37,GunjiKamiya
5825,2021-01-21_13:11:37,2021-01-21_13:21:37,it_goi_bot
5826,2021-01-21_13:11:37,2021-01-21_13:21:37,saaakichan_f
5827,2021-01-21_13:11:37,2021-01-21_13:21:37,beefeater_ff14
5831,2021-01-21_13:11:37,2021-01-21_13:21:37,aicedaisuki0w0
5838,2021-01-21_13:11:37,2021-01-21_13:21:37,faraway117
5843,2021-01-21_13:11:37,2021-01-21_13:21:37,Ruby_0105
5849,2021-01-21_13:11:37,2021-01-21_13:21:37,0930v0930
5882,2021-01-21_13:01:37,2021-01-21_13:11:37,akaist_blog
5885,2021-01-21_13:01:37,2021-01-21_13:11:37,l9970211___
5894,2021-01-21_13:01:37,2021-01-21_13:11:37,sheyasque_ta
5897,2021-01-21_13:01:37,2021-01-21_13:11:37,YoseiIto
5898,2021-01-21_13:01:37,2021-01-21_13:11:37,garupinn
5900,2021-01-21_13:01:37,2021-01-21_13:11:37,businessman_Uma
5903,2021-01-21_13:01:37,2021-01-21_13:11:37,RailsGuidesJP
5908,2021-01-21_12:51:37,2021-01-21_13:01:37,Underthemoonl11
5909,2021-01-21_12:51:37,2021-01-21_13:01:37,Ken75549289
5911,2021-01-21_12:51:37,2021-01-21_13:01:37,yamada580519
5916,2021-01-21_12:51:37,2021-01-21_13:01:37,miwauknow
5917,2021-01-21_12:51:37,2021-01-21_13:01:37,3tIxxlQ9RmaArKV
5920,2021-01-21_12:51:37,2021-01-21_13:01:37,ozaki1025
5927,2021-01-21_12:51:37,2021-01-21_13:01:37,yi01imagination
5928,2021-01-21_12:51:37,2021-01-21_13:01:37,Sayaka613131
5931,2021-01-21_12:51:37,2021-01-21_13:01:37,riU_ruby
5941,2021-01-21_12:51:37,2021-01-21_13:01:37,selva_okada
5944,2021-01-21_12:41:37,2021-01-21_12:51:37,Ruby_Belmont
5947,2021-01-21_12:41:37,2021-01-21_12:51:37,jflute
5950,2021-01-21_12:41:37,2021-01-21_12:51:37,JKT68719726
5951,2021-01-21_12:41:37,2021-01-21_12:51:37,5gdTOwe6P9zuu3U
5952,2021-01-21_12:41:37,2021-01-21_12:51:37,RailsTutorialJP
5953,2021-01-21_12:41:37,2021-01-21_12:51:37,norillakks
5960,2021-01-21_12:41:37,2021-01-21_12:51:37,makot_o_p
5961,2021-01-21_12:41:37,2021-01-21_12:51:37,tsunRS
5967,2021-01-21_12:31:37,2021-01-21_12:41:37,yakume893
5972,2021-01-21_12:31:37,2021-01-21_12:41:37,msk_fllp
5979,2021-01-21_12:31:37,2021-01-21_12:41:37,HanamaRuby_1220
5981,2021-01-21_12:31:37,2021-01-21_12:41:37,watashiga_mirai
5982,2021-01-21_12:31:37,2021-01-21_12:41:37,snowflake845
5989,2021-01-21_12:31:37,2021-01-21_12:41:37,18_pypy
5993,2021-01-21_12:31:37,2021-01-21_12:41:37,kagakuenglish
5997,2021-01-21_12:31:37,2021-01-21_12:41:37,Razgriz_numa
5998,2021-01-21_12:31:37,2021-01-21_12:41:37,developer_RTbot
6004,2021-01-21_12:31:37,2021-01-21_12:41:37,trade24366
6005,2021-01-21_12:31:37,2021-01-21_12:41:37,daihukuoishiiyo
6006,2021-01-21_12:31:37,2021-01-21_12:41:37,Akrgameakr
6008,2021-01-21_12:31:37,2021-01-21_12:41:37,RubyPubg4649
6012,2021-01-21_12:31:37,2021-01-21_12:41:37,Nanyuzunandai
6013,2021-01-21_12:21:37,2021-01-21_12:31:37,hanamaru_0511
6023,2021-01-21_12:21:37,2021-01-21_12:31:37,KAKITMAgulamu
6036,2021-01-21_12:21:37,2021-01-21_12:31:37,meayu220
6043,2021-01-21_12:21:37,2021-01-21_12:31:37,Hina10031219
6044,2021-01-21_12:21:37,2021-01-21_12:31:37,gusto_official
6045,2021-01-21_12:21:37,2021-01-21_12:31:37,apple_ruby
6047,2021-01-21_12:21:37,2021-01-21_12:31:37,john10332
6048,2021-01-21_12:21:37,2021-01-21_12:31:37,hnkaeruyo
6052,2021-01-21_12:11:37,2021-01-21_12:21:37,hinatakonan
6059,2021-01-21_12:11:37,2021-01-21_12:21:37,piyo20201113
6068,2021-01-21_12:11:37,2021-01-21_12:21:37,na_be_log
6069,2021-01-21_12:11:37,2021-01-21_12:21:37,nakochi_t
6070,2021-01-21_12:11:37,2021-01-21_12:21:37,Haveanice14
6073,2021-01-21_12:11:37,2021-01-21_12:21:37,AdonisRapiTW2_3
6081,2021-01-21_12:11:37,2021-01-21_12:21:37,ayasuda_jp
6082,2021-01-21_12:11:37,2021-01-21_12:21:37,ainame
6084,2021-01-21_12:11:37,2021-01-21_12:21:37,masanobuimai
6086,2021-01-21_12:11:37,2021-01-21_12:21:37,CaramelCorn1971
6090,2021-01-21_12:11:37,2021-01-21_12:21:37,masuda220
6095,2021-01-21_12:11:37,2021-01-21_12:21:37,Ruby_Chap
6101,2021-01-21_12:01:37,2021-01-21_12:11:37,sword_of_ruby
6102,2021-01-21_12:01:37,2021-01-21_12:11:37,junjis0203
6103,2021-01-21_12:01:37,2021-01-21_12:11:37,tomoeine
6126,2021-01-21_12:01:37,2021-01-21_12:11:37,7474napple
6132,2021-01-21_12:01:37,2021-01-21_12:11:37,ruby__tag
6134,2021-01-21_12:01:37,2021-01-21_12:11:37,_RUBY_RED_
6136,2021-01-21_12:01:37,2021-01-21_12:11:37,yuya54314161
6141,2021-01-21_12:01:37,2021-01-21_12:11:37,demichamiAyo
6142,2021-01-21_12:01:37,2021-01-21_12:11:37,ra_uux_
6154,2021-01-21_11:51:37,2021-01-21_12:01:37,programmerjobs
6157,2021-01-21_11:51:37,2021-01-21_12:01:37,hokkairotabetai
6161,2021-01-21_11:51:37,2021-01-21_12:01:37,yu85123456789
6169,2021-01-21_11:51:37,2021-01-21_12:01:37,u3yDXyZS78bJP2w
6170,2021-01-21_11:51:37,2021-01-21_12:01:37,XeTM1hlfyybu6YX
6171,2021-01-21_11:51:37,2021-01-21_12:01:37,keisuke_kaeru
6173,2021-01-21_11:51:37,2021-01-21_12:01:37,shimanekopi
6174,2021-01-21_11:41:37,2021-01-21_11:51:37,isa9660pri
6176,2021-01-21_11:41:37,2021-01-21_11:51:37,sosmii_
6180,2021-01-21_11:41:37,2021-01-21_11:51:37,Kageshimasu
6185,2021-01-21_11:41:37,2021-01-21_11:51:37,ruby_rk_maro
6190,2021-01-21_11:41:37,2021-01-21_11:51:37,zepp2545
